date,active_lenders
2006-06-01,190
2006-06-02,188
2006-06-03,189
2006-06-04,183
2006-06-05,176
2006-06-06,192
2006-06-07,199
2006-06-08,196
2006-06-09,199
2006-06-10,194
2006-06-11,192
2006-06-12,193
2006-06-13,195
2006-06-14,194
2006-06-15,190
2006-06-16,188
2006-06-17,181
2006-06-18,182
2006-06-19,178
2006-06-20,170
2006-06-21,163
2006-06-22,164
2006-06-23,155
2006-06-24,155
2006-06-25,160
2006-06-26,160
2006-06-27,163
2006-06-28,167
2006-06-29,167
2006-06-30,174
2006-07-01,168
2006-07-02,180
2006-07-03,181
2006-07-04,203
2006-07-05,207
2006-07-06,212
2006-07-07,205
2006-07-08,203
2006-07-09,202
2006-07-10,207
2006-07-11,209
2006-07-12,208
2006-07-13,209
2006-07-14,210
2006-07-15,211
2006-07-16,154
2006-07-17,153
2006-07-18,153
2006-07-19,150
2006-07-20,151
2006-07-21,157
2006-07-22,164
2006-07-23,185
2006-07-24,189
2006-07-25,206
2006-07-26,229
2006-07-27,237
2006-07-28,239
2006-07-29,248
2006-07-30,253
2006-07-31,266
2006-08-01,265
2006-08-02,265
2006-08-03,271
2006-08-04,249
2006-08-05,246
2006-08-06,247
2006-08-07,250
2006-08-08,254
2006-08-09,259
2006-08-10,258
2006-08-11,258
2006-08-12,265
2006-08-13,261
2006-08-14,265
2006-08-15,262
2006-08-16,270
2006-08-17,277
2006-08-18,279
2006-08-19,285
2006-08-20,286
2006-08-21,290
2006-08-22,288
2006-08-23,270
2006-08-24,272
2006-08-25,269
2006-08-26,235
2006-08-27,227
2006-08-28,230
2006-08-29,237
2006-08-30,227
2006-08-31,221
2006-09-01,234
2006-09-02,245
2006-09-03,230
2006-09-04,233
2006-09-05,240
2006-09-06,249
2006-09-07,247
2006-09-08,252
2006-09-09,256
2006-09-10,256
2006-09-11,257
2006-09-12,268
2006-09-13,268
2006-09-14,265
2006-09-15,269
2006-09-16,264
2006-09-17,271
2006-09-18,269
2006-09-19,264
2006-09-20,267
2006-09-21,266
2006-09-22,266
2006-09-23,273
2006-09-24,265
2006-09-25,274
2006-09-26,278
2006-09-27,273
2006-09-28,265
2006-09-29,267
2006-09-30,279
2006-10-01,303
2006-10-02,297
2006-10-03,280
2006-10-04,286
2006-10-05,283
2006-10-06,277
2006-10-07,268
2006-10-08,280
2006-10-09,280
2006-10-10,278
2006-10-11,274
2006-10-12,274
2006-10-13,269
2006-10-14,288
2006-10-15,282
2006-10-16,304
2006-10-17,302
2006-10-18,312
2006-10-19,326
2006-10-20,327
2006-10-21,330
2006-10-22,333
2006-10-23,336
2006-10-24,338
2006-10-25,354
2006-10-26,361
2006-10-27,375
2006-10-28,383
2006-10-29,388
2006-10-30,395
2006-10-31,411
2006-11-01,401
2006-11-02,400
2006-11-03,461
2006-11-04,803
2006-11-05,1491
2006-11-06,1846
2006-11-07,2313
2006-11-08,2486
2006-11-09,2566
2006-11-10,2784
2006-11-11,2962
2006-11-12,3098
2006-11-13,3303
2006-11-14,3449
2006-11-15,3649
2006-11-16,3774
2006-11-17,3929
2006-11-18,4055
2006-11-19,4161
2006-11-20,4269
2006-11-21,4380
2006-11-22,4424
2006-11-23,4561
2006-11-24,4667
2006-11-25,4696
2006-11-26,4780
2006-11-27,4843
2006-11-28,4915
2006-11-29,5003
2006-11-30,5104
2006-12-01,5176
2006-12-02,5260
2006-12-03,5382
2006-12-04,5421
2006-12-05,5342
2006-12-06,4814
2006-12-07,4702
2006-12-08,4379
2006-12-09,4253
2006-12-10,4288
2006-12-11,4264
2006-12-12,4281
2006-12-13,4299
2006-12-14,4199
2006-12-15,4184
2006-12-16,4097
2006-12-17,4212
2006-12-18,4238
2006-12-19,4349
2006-12-20,4446
2006-12-21,4669
2006-12-22,4908
2006-12-23,5093
2006-12-24,5338
2006-12-25,5515
2006-12-26,5737
2006-12-27,6000
2006-12-28,6254
2006-12-29,6481
2006-12-30,6675
2006-12-31,6804
2007-01-01,6865
2007-01-02,6961
2007-01-03,7049
2007-01-04,7219
2007-01-05,7348
2007-01-06,7432
2007-01-07,7490
2007-01-08,7500
2007-01-09,7585
2007-01-10,7645
2007-01-11,7688
2007-01-12,7644
2007-01-13,7634
2007-01-14,7716
2007-01-15,7743
2007-01-16,7804
2007-01-17,7738
2007-01-18,7706
2007-01-19,7462
2007-01-20,7338
2007-01-21,7263
2007-01-22,7046
2007-01-23,7031
2007-01-24,6837
2007-01-25,6660
2007-01-26,6552
2007-01-27,6313
2007-01-28,6178
2007-01-29,6018
2007-01-30,5828
2007-01-31,5724
2007-02-01,5722
2007-02-02,5658
2007-02-03,5534
2007-02-04,5388
2007-02-05,5225
2007-02-06,5194
2007-02-07,5157
2007-02-08,5081
2007-02-09,4985
2007-02-10,4963
2007-02-11,4951
2007-02-12,4982
2007-02-13,4933
2007-02-14,4862
2007-02-15,4849
2007-02-16,4754
2007-02-17,4668
2007-02-18,4648
2007-02-19,4756
2007-02-20,4792
2007-02-21,4672
2007-02-22,4659
2007-02-23,4541
2007-02-24,4534
2007-02-25,4524
2007-02-26,4553
2007-02-27,4571
2007-02-28,4520
2007-03-01,4524
2007-03-02,4561
2007-03-03,4549
2007-03-04,4512
2007-03-05,4487
2007-03-06,4526
2007-03-07,4497
2007-03-08,4549
2007-03-09,4597
2007-03-10,4638
2007-03-11,4612
2007-03-12,4619
2007-03-13,4642
2007-03-14,4694
2007-03-15,4707
2007-03-16,4772
2007-03-17,4805
2007-03-18,4838
2007-03-19,4947
2007-03-20,5023
2007-03-21,5093
2007-03-22,5098
2007-03-23,5086
2007-03-24,5065
2007-03-25,5071
2007-03-26,5079
2007-03-27,5673
2007-03-28,6787
2007-03-29,7274
2007-03-30,7564
2007-03-31,7577
2007-04-01,7700
2007-04-02,7886
2007-04-03,8031
2007-04-04,8113
2007-04-05,8214
2007-04-06,8362
2007-04-07,8412
2007-04-08,8562
2007-04-09,8634
2007-04-10,8689
2007-04-11,10338
2007-04-12,11596
2007-04-13,12107
2007-04-14,12428
2007-04-15,12739
2007-04-16,13093
2007-04-17,13281
2007-04-18,13433
2007-04-19,13610
2007-04-20,13704
2007-04-21,13752
2007-04-22,13824
2007-04-23,14024
2007-04-24,14076
2007-04-25,14208
2007-04-26,14389
2007-04-27,14153
2007-04-28,13229
2007-04-29,12789
2007-04-30,12482
2007-05-01,12511
2007-05-02,12539
2007-05-03,12467
2007-05-04,12448
2007-05-05,12516
2007-05-06,12499
2007-05-07,12510
2007-05-08,12712
2007-05-09,12700
2007-05-10,12688
2007-05-11,12683
2007-05-12,11691
2007-05-13,10618
2007-05-14,10194
2007-05-15,9926
2007-05-16,9671
2007-05-17,9300
2007-05-18,9183
2007-05-19,9014
2007-05-20,8822
2007-05-21,8826
2007-05-22,8729
2007-05-23,8732
2007-05-24,8603
2007-05-25,8500
2007-05-26,8426
2007-05-27,8247
2007-05-28,8215
2007-05-29,8304
2007-05-30,8697
2007-05-31,8851
2007-06-01,8777
2007-06-02,8840
2007-06-03,9072
2007-06-04,9196
2007-06-05,9136
2007-06-06,9896
2007-06-07,10218
2007-06-08,10243
2007-06-09,10348
2007-06-10,10402
2007-06-11,10586
2007-06-12,10719
2007-06-13,10801
2007-06-14,10873
2007-06-15,10888
2007-06-16,10882
2007-06-17,10945
2007-06-18,11064
2007-06-19,11119
2007-06-20,11193
2007-06-21,11241
2007-06-22,11343
2007-06-23,11299
2007-06-24,11359
2007-06-25,11434
2007-06-26,11560
2007-06-27,11631
2007-06-28,11692
2007-06-29,11622
2007-06-30,11333
2007-07-01,11225
2007-07-02,11343
2007-07-03,11238
2007-07-04,11147
2007-07-05,11105
2007-07-06,11157
2007-07-07,10604
2007-07-08,10203
2007-07-09,10182
2007-07-10,10042
2007-07-11,10005
2007-07-12,9783
2007-07-13,9615
2007-07-14,9623
2007-07-15,9608
2007-07-16,9636
2007-07-17,9691
2007-07-18,9696
2007-07-19,9696
2007-07-20,9727
2007-07-21,9689
2007-07-22,9615
2007-07-23,9571
2007-07-24,9678
2007-07-25,9745
2007-07-26,9722
2007-07-27,9677
2007-07-28,9613
2007-07-29,9503
2007-07-30,9514
2007-07-31,9558
2007-08-01,9567
2007-08-02,9505
2007-08-03,9541
2007-08-04,9291
2007-08-05,9139
2007-08-06,9042
2007-08-07,9082
2007-08-08,9102
2007-08-09,9061
2007-08-10,9033
2007-08-11,8957
2007-08-12,8942
2007-08-13,8938
2007-08-14,8925
2007-08-15,8883
2007-08-16,8753
2007-08-17,8704
2007-08-18,8714
2007-08-19,8517
2007-08-20,8379
2007-08-21,8447
2007-08-22,8818
2007-08-23,9629
2007-08-24,9745
2007-08-25,9809
2007-08-26,9851
2007-08-27,9969
2007-08-28,10149
2007-08-29,10324
2007-08-30,10316
2007-08-31,10367
2007-09-01,10391
2007-09-02,10418
2007-09-03,11503
2007-09-04,12170
2007-09-05,15983
2007-09-06,17296
2007-09-07,17504
2007-09-08,17455
2007-09-09,17389
2007-09-10,17314
2007-09-11,17972
2007-09-12,18425
2007-09-13,18773
2007-09-14,19028
2007-09-15,19248
2007-09-16,19436
2007-09-17,19689
2007-09-18,19897
2007-09-19,20238
2007-09-20,20569
2007-09-21,20685
2007-09-22,20621
2007-09-23,20040
2007-09-24,20136
2007-09-25,20239
2007-09-26,20465
2007-09-27,20552
2007-09-28,20869
2007-09-29,21273
2007-09-30,21560
2007-10-01,21762
2007-10-02,22121
2007-10-03,22301
2007-10-04,21630
2007-10-05,21494
2007-10-06,18342
2007-10-07,17267
2007-10-08,17584
2007-10-09,18033
2007-10-10,18381
2007-10-11,18736
2007-10-12,18346
2007-10-13,18204
2007-10-14,17951
2007-10-15,18108
2007-10-16,18240
2007-10-17,18407
2007-10-18,18545
2007-10-19,18611
2007-10-20,18606
2007-10-21,18517
2007-10-22,18621
2007-10-23,18684
2007-10-24,18680
2007-10-25,18586
2007-10-26,18580
2007-10-27,18403
2007-10-28,18461
2007-10-29,18260
2007-10-30,17842
2007-10-31,17633
2007-11-01,17592
2007-11-02,17358
2007-11-03,17351
2007-11-04,17171
2007-11-05,17163
2007-11-06,17245
2007-11-07,17141
2007-11-08,16847
2007-11-09,16685
2007-11-10,16672
2007-11-11,16652
2007-11-12,16795
2007-11-13,16823
2007-11-14,16875
2007-11-15,16920
2007-11-16,16799
2007-11-17,16813
2007-11-18,16804
2007-11-19,16776
2007-11-20,16750
2007-11-21,16767
2007-11-22,16786
2007-11-23,18195
2007-11-24,18716
2007-11-25,19109
2007-11-26,19277
2007-11-27,19707
2007-11-28,19732
2007-11-29,19769
2007-11-30,20141
2007-12-01,20221
2007-12-02,20271
2007-12-03,20626
2007-12-04,20848
2007-12-05,21280
2007-12-06,21537
2007-12-07,21843
2007-12-08,22189
2007-12-09,22530
2007-12-10,22902
2007-12-11,23212
2007-12-12,23622
2007-12-13,23854
2007-12-14,24116
2007-12-15,24443
2007-12-16,24529
2007-12-17,24967
2007-12-18,25729
2007-12-19,26196
2007-12-20,26846
2007-12-21,27532
2007-12-22,28245
2007-12-23,28477
2007-12-24,27856
2007-12-25,28597
2007-12-26,30412
2007-12-27,32147
2007-12-28,32662
2007-12-29,33105
2007-12-30,32843
2007-12-31,33019
2008-01-01,33953
2008-01-02,34992
2008-01-03,35899
2008-01-04,36588
2008-01-05,36459
2008-01-06,35883
2008-01-07,35341
2008-01-08,35045
2008-01-09,34834
2008-01-10,34973
2008-01-11,35071
2008-01-12,35427
2008-01-13,35267
2008-01-14,35228
2008-01-15,35782
2008-01-16,36106
2008-01-17,36429
2008-01-18,36192
2008-01-19,35971
2008-01-20,35802
2008-01-21,35630
2008-01-22,35438
2008-01-23,35626
2008-01-24,35588
2008-01-25,34970
2008-01-26,33692
2008-01-27,32455
2008-01-28,32527
2008-01-29,32756
2008-01-30,33577
2008-01-31,33977
2008-02-01,33611
2008-02-02,32726
2008-02-03,31954
2008-02-04,31331
2008-02-05,31349
2008-02-06,31869
2008-02-07,32403
2008-02-08,32798
2008-02-09,32830
2008-02-10,32873
2008-02-11,32762
2008-02-12,32555
2008-02-13,32690
2008-02-14,32734
2008-02-15,32171
2008-02-16,31744
2008-02-17,31170
2008-02-18,31034
2008-02-19,30934
2008-02-20,30532
2008-02-21,29907
2008-02-22,29792
2008-02-23,29398
2008-02-24,29261
2008-02-25,28880
2008-02-26,28309
2008-02-27,27827
2008-02-28,27460
2008-02-29,27203
2008-03-01,26998
2008-03-02,26302
2008-03-03,26271
2008-03-04,26582
2008-03-05,26371
2008-03-06,26432
2008-03-07,26301
2008-03-08,26501
2008-03-09,26567
2008-03-10,26708
2008-03-11,26692
2008-03-12,26477
2008-03-13,26244
2008-03-14,26058
2008-03-15,25812
2008-03-16,25652
2008-03-17,25724
2008-03-18,25726
2008-03-19,25606
2008-03-20,25451
2008-03-21,25231
2008-03-22,25250
2008-03-23,25323
2008-03-24,25295
2008-03-25,25475
2008-03-26,25364
2008-03-27,25616
2008-03-28,25602
2008-03-29,25507
2008-03-30,25253
2008-03-31,25095
2008-04-01,24954
2008-04-02,25050
2008-04-03,25018
2008-04-04,24930
2008-04-05,24992
2008-04-06,24871
2008-04-07,25012
2008-04-08,24988
2008-04-09,25010
2008-04-10,24754
2008-04-11,24848
2008-04-12,24785
2008-04-13,25170
2008-04-14,25277
2008-04-15,25312
2008-04-16,25603
2008-04-17,25571
2008-04-18,25393
2008-04-19,25513
2008-04-20,25623
2008-04-21,25799
2008-04-22,26154
2008-04-23,26296
2008-04-24,26457
2008-04-25,26466
2008-04-26,26541
2008-04-27,26450
2008-04-28,26641
2008-04-29,26794
2008-04-30,27032
2008-05-01,27030
2008-05-02,27253
2008-05-03,27519
2008-05-04,27355
2008-05-05,27229
2008-05-06,27334
2008-05-07,27431
2008-05-08,27583
2008-05-09,27808
2008-05-10,27827
2008-05-11,28113
2008-05-12,28528
2008-05-13,28797
2008-05-14,28772
2008-05-15,28684
2008-05-16,28591
2008-05-17,28475
2008-05-18,28510
2008-05-19,28606
2008-05-20,28645
2008-05-21,28519
2008-05-22,28406
2008-05-23,28080
2008-05-24,28160
2008-05-25,27916
2008-05-26,28112
2008-05-27,28523
2008-05-28,28681
2008-05-29,28679
2008-05-30,28614
2008-05-31,28502
2008-06-01,28389
2008-06-02,28135
2008-06-03,28179
2008-06-04,28290
2008-06-05,28213
2008-06-06,28316
2008-06-07,28235
2008-06-08,28158
2008-06-09,28159
2008-06-10,28254
2008-06-11,28187
2008-06-12,27956
2008-06-13,28040
2008-06-14,27795
2008-06-15,27929
2008-06-16,28377
2008-06-17,28613
2008-06-18,28839
2008-06-19,28806
2008-06-20,28944
2008-06-21,28986
2008-06-22,29081
2008-06-23,29259
2008-06-24,29231
2008-06-25,29132
2008-06-26,29487
2008-06-27,29310
2008-06-28,29167
2008-06-29,29089
2008-06-30,29207
2008-07-01,29260
2008-07-02,29129
2008-07-03,29240
2008-07-04,29008
2008-07-05,28950
2008-07-06,28964
2008-07-07,28906
2008-07-08,28937
2008-07-09,28928
2008-07-10,28770
2008-07-11,28580
2008-07-12,28629
2008-07-13,28640
2008-07-14,28630
2008-07-15,28875
2008-07-16,28930
2008-07-17,28857
2008-07-18,28861
2008-07-19,28760
2008-07-20,28707
2008-07-21,28704
2008-07-22,28905
2008-07-23,28962
2008-07-24,28925
2008-07-25,28898
2008-07-26,29173
2008-07-27,28969
2008-07-28,29004
2008-07-29,29146
2008-07-30,29250
2008-07-31,28969
2008-08-01,28687
2008-08-02,28599
2008-08-03,28481
2008-08-04,28555
2008-08-05,28601
2008-08-06,28688
2008-08-07,28486
2008-08-08,28488
2008-08-09,28186
2008-08-10,27942
2008-08-11,27972
2008-08-12,27869
2008-08-13,27682
2008-08-14,27443
2008-08-15,27333
2008-08-16,27214
2008-08-17,27201
2008-08-18,27364
2008-08-19,27473
2008-08-20,27699
2008-08-21,27660
2008-08-22,27537
2008-08-23,27519
2008-08-24,27466
2008-08-25,27667
2008-08-26,27459
2008-08-27,27050
2008-08-28,26899
2008-08-29,27473
2008-08-30,31822
2008-08-31,32913
2008-09-01,34288
2008-09-02,36271
2008-09-03,36651
2008-09-04,36856
2008-09-05,37234
2008-09-06,38082
2008-09-07,38626
2008-09-08,38783
2008-09-09,38841
2008-09-10,39154
2008-09-11,38981
2008-09-12,38637
2008-09-13,38834
2008-09-14,38832
2008-09-15,38708
2008-09-16,38915
2008-09-17,38945
2008-09-18,39008
2008-09-19,39362
2008-09-20,39414
2008-09-21,39304
2008-09-22,39421
2008-09-23,39542
2008-09-24,39582
2008-09-25,39560
2008-09-26,39785
2008-09-27,39616
2008-09-28,39546
2008-09-29,38885
2008-09-30,33770
2008-10-01,32840
2008-10-02,32298
2008-10-03,30808
2008-10-04,30550
2008-10-05,30328
2008-10-06,30351
2008-10-07,29931
2008-10-08,29918
2008-10-09,30171
2008-10-10,30707
2008-10-11,30973
2008-10-12,31203
2008-10-13,31962
2008-10-14,31574
2008-10-15,32316
2008-10-16,33207
2008-10-17,33742
2008-10-18,34119
2008-10-19,34334
2008-10-20,34554
2008-10-21,34715
2008-10-22,35001
2008-10-23,35180
2008-10-24,35242
2008-10-25,35300
2008-10-26,35145
2008-10-27,34978
2008-10-28,35563
2008-10-29,35874
2008-10-30,35775
2008-10-31,35797
2008-11-01,35458
2008-11-02,34895
2008-11-03,34091
2008-11-04,33840
2008-11-05,33683
2008-11-06,33424
2008-11-07,33118
2008-11-08,32372
2008-11-09,32022
2008-11-10,31485
2008-11-11,31217
2008-11-12,31441
2008-11-13,31198
2008-11-14,31738
2008-11-15,31635
2008-11-16,31789
2008-11-17,31287
2008-11-18,30542
2008-11-19,30406
2008-11-20,29682
2008-11-21,29212
2008-11-22,28851
2008-11-23,28588
2008-11-24,28094
2008-11-25,27935
2008-11-26,27847
2008-11-27,27725
2008-11-28,27050
2008-11-29,26604
2008-11-30,26504
2008-12-01,26134
2008-12-02,26009
2008-12-03,26028
2008-12-04,25619
2008-12-05,25618
2008-12-06,25666
2008-12-07,25471
2008-12-08,25347
2008-12-09,25952
2008-12-10,27349
2008-12-11,28105
2008-12-12,28290
2008-12-13,28164
2008-12-14,28096
2008-12-15,28539
2008-12-16,31311
2008-12-17,32888
2008-12-18,33616
2008-12-19,35467
2008-12-20,36240
2008-12-21,37110
2008-12-22,38549
2008-12-23,39746
2008-12-24,40929
2008-12-25,42319
2008-12-26,43654
2008-12-27,44644
2008-12-28,44762
2008-12-29,44905
2008-12-30,45270
2008-12-31,45170
2009-01-01,45476
2009-01-02,46267
2009-01-03,47008
2009-01-04,47947
2009-01-05,48716
2009-01-06,49387
2009-01-07,49837
2009-01-08,50073
2009-01-09,49957
2009-01-10,49747
2009-01-11,50217
2009-01-12,51135
2009-01-13,52002
2009-01-14,52087
2009-01-15,51849
2009-01-16,49824
2009-01-17,48108
2009-01-18,48292
2009-01-19,47353
2009-01-20,47026
2009-01-21,46581
2009-01-22,45945
2009-01-23,45284
2009-01-24,44378
2009-01-25,42803
2009-01-26,41604
2009-01-27,40760
2009-01-28,41214
2009-01-29,41905
2009-01-30,42090
2009-01-31,42534
2009-02-01,42644
2009-02-02,42516
2009-02-03,42349
2009-02-04,42062
2009-02-05,41823
2009-02-06,41776
2009-02-07,41944
2009-02-08,42667
2009-02-09,43727
2009-02-10,43734
2009-02-11,43022
2009-02-12,42151
2009-02-13,41512
2009-02-14,41744
2009-02-15,42515
2009-02-16,42159
2009-02-17,41862
2009-02-18,41977
2009-02-19,42874
2009-02-20,44512
2009-02-21,45169
2009-02-22,45345
2009-02-23,45705
2009-02-24,46088
2009-02-25,46988
2009-02-26,47475
2009-02-27,47578
2009-02-28,47613
2009-03-01,47594
2009-03-02,47987
2009-03-03,48137
2009-03-04,48695
2009-03-05,49597
2009-03-06,49663
2009-03-07,50567
2009-03-08,51285
2009-03-09,51597
2009-03-10,51478
2009-03-11,51028
2009-03-12,50085
2009-03-13,49659
2009-03-14,49404
2009-03-15,49884
2009-03-16,50435
2009-03-17,50583
2009-03-18,50117
2009-03-19,49734
2009-03-20,48752
2009-03-21,47090
2009-03-22,48452
2009-03-23,48662
2009-03-24,48606
2009-03-25,48386
2009-03-26,48425
2009-03-27,48290
2009-03-28,47900
2009-03-29,47314
2009-03-30,47245
2009-03-31,46993
2009-04-01,46796
2009-04-02,46537
2009-04-03,46387
2009-04-04,45983
2009-04-05,45312
2009-04-06,45151
2009-04-07,44237
2009-04-08,44460
2009-04-09,44468
2009-04-10,44740
2009-04-11,44936
2009-04-12,45277
2009-04-13,45529
2009-04-14,45569
2009-04-15,45530
2009-04-16,45432
2009-04-17,45590
2009-04-18,45549
2009-04-19,46785
2009-04-20,48633
2009-04-21,50860
2009-04-22,50391
2009-04-23,49323
2009-04-24,49221
2009-04-25,49426
2009-04-26,49162
2009-04-27,49098
2009-04-28,49192
2009-04-29,49492
2009-04-30,49323
2009-05-01,49224
2009-05-02,49715
2009-05-03,49754
2009-05-04,49888
2009-05-05,50159
2009-05-06,50672
2009-05-07,51316
2009-05-08,51582
2009-05-09,50883
2009-05-10,50651
2009-05-11,50256
2009-05-12,49903
2009-05-13,49725
2009-05-14,49497
2009-05-15,49982
2009-05-16,50050
2009-05-17,49479
2009-05-18,49606
2009-05-19,49234
2009-05-20,47754
2009-05-21,47574
2009-05-22,46714
2009-05-23,45188
2009-05-24,46120
2009-05-25,46747
2009-05-26,47606
2009-05-27,47790
2009-05-28,47928
2009-05-29,48156
2009-05-30,48138
2009-05-31,48483
2009-06-01,48597
2009-06-02,48388
2009-06-03,48351
2009-06-04,48486
2009-06-05,48378
2009-06-06,47946
2009-06-07,47423
2009-06-08,47269
2009-06-09,47373
2009-06-10,47320
2009-06-11,47938
2009-06-12,48738
2009-06-13,48855
2009-06-14,49100
2009-06-15,49597
2009-06-16,49859
2009-06-17,49505
2009-06-18,48398
2009-06-19,48368
2009-06-20,49037
2009-06-21,49397
2009-06-22,50281
2009-06-23,50390
2009-06-24,49849
2009-06-25,49639
2009-06-26,49745
2009-06-27,50187
2009-06-28,50681
2009-06-29,51299
2009-06-30,51447
2009-07-01,51643
2009-07-02,51868
2009-07-03,51939
2009-07-04,51988
2009-07-05,52021
2009-07-06,52217
2009-07-07,52562
2009-07-08,52814
2009-07-09,53059
2009-07-10,53127
2009-07-11,54169
2009-07-12,54800
2009-07-13,54959
2009-07-14,54950
2009-07-15,55578
2009-07-16,55826
2009-07-17,54953
2009-07-18,54279
2009-07-19,54667
2009-07-20,55129
2009-07-21,53281
2009-07-22,52267
2009-07-23,50320
2009-07-24,49818
2009-07-25,49000
2009-07-26,49451
2009-07-27,49982
2009-07-28,50313
2009-07-29,50369
2009-07-30,49705
2009-07-31,49611
2009-08-01,49397
2009-08-02,49338
2009-08-03,49562
2009-08-04,49888
2009-08-05,50084
2009-08-06,50186
2009-08-07,50313
2009-08-08,51626
2009-08-09,52205
2009-08-10,52620
2009-08-11,51971
2009-08-12,51188
2009-08-13,50704
2009-08-14,50845
2009-08-15,50941
2009-08-16,50389
2009-08-17,50082
2009-08-18,50322
2009-08-19,49605
2009-08-20,48630
2009-08-21,48363
2009-08-22,48319
2009-08-23,49133
2009-08-24,49825
2009-08-25,50676
2009-08-26,50978
2009-08-27,50416
2009-08-28,50515
2009-08-29,50848
2009-08-30,52074
2009-08-31,53687
2009-09-01,54057
2009-09-02,54465
2009-09-03,54619
2009-09-04,54724
2009-09-05,55801
2009-09-06,56241
2009-09-07,56374
2009-09-08,55497
2009-09-09,55077
2009-09-10,54868
2009-09-11,54588
2009-09-12,54537
2009-09-13,54706
2009-09-14,54817
2009-09-15,55029
2009-09-16,54650
2009-09-17,53892
2009-09-18,53588
2009-09-19,53584
2009-09-20,53353
2009-09-21,53676
2009-09-22,53219
2009-09-23,52578
2009-09-24,51438
2009-09-25,50768
2009-09-26,49548
2009-09-27,50244
2009-09-28,50513
2009-09-29,50935
2009-09-30,50610
2009-10-01,49873
2009-10-02,50918
2009-10-03,52884
2009-10-04,54066
2009-10-05,54748
2009-10-06,54220
2009-10-07,54438
2009-10-08,54404
2009-10-09,54322
2009-10-10,54471
2009-10-11,54744
2009-10-12,55262
2009-10-13,55495
2009-10-14,55703
2009-10-15,56602
2009-10-16,56806
2009-10-17,56754
2009-10-18,57145
2009-10-19,57810
2009-10-20,58790
2009-10-21,58731
2009-10-22,58643
2009-10-23,58618
2009-10-24,58813
2009-10-25,59395
2009-10-26,60518
2009-10-27,61076
2009-10-28,60594
2009-10-29,60609
2009-10-30,60364
2009-10-31,60252
2009-11-01,60027
2009-11-02,59668
2009-11-03,59569
2009-11-04,59105
2009-11-05,58893
2009-11-06,60361
2009-11-07,60520
2009-11-08,60930
2009-11-09,61444
2009-11-10,61625
2009-11-11,61627
2009-11-12,61388
2009-11-13,61376
2009-11-14,61305
2009-11-15,61239
2009-11-16,61274
2009-11-17,60598
2009-11-18,60149
2009-11-19,59305
2009-11-20,58387
2009-11-21,58028
2009-11-22,57865
2009-11-23,57923
2009-11-24,57695
2009-11-25,57330
2009-11-26,56300
2009-11-27,56129
2009-11-28,56171
2009-11-29,56474
2009-11-30,57807
2009-12-01,57902
2009-12-02,59288
2009-12-03,59888
2009-12-04,59188
2009-12-05,59042
2009-12-06,59346
2009-12-07,58689
2009-12-08,58680
2009-12-09,59003
2009-12-10,59886
2009-12-11,61188
2009-12-12,61706
2009-12-13,62417
2009-12-14,63187
2009-12-15,65140
2009-12-16,65825
2009-12-17,65539
2009-12-18,65705
2009-12-19,65425
2009-12-20,66513
2009-12-21,67553
2009-12-22,68301
2009-12-23,69177
2009-12-24,70750
2009-12-25,72561
2009-12-26,73851
2009-12-27,75198
2009-12-28,76809
2009-12-29,77566
2009-12-30,76708
2009-12-31,74893
2010-01-01,74070
2010-01-02,73868
2010-01-03,74745
2010-01-04,76006
2010-01-05,76784
2010-01-06,77243
2010-01-07,77220
2010-01-08,77445
2010-01-09,77314
2010-01-10,76920
2010-01-11,76349
2010-01-12,76330
2010-01-13,76323
2010-01-14,76560
2010-01-15,76614
2010-01-16,78650
2010-01-17,77924
2010-01-18,77875
2010-01-19,78120
2010-01-20,77361
2010-01-21,76522
2010-01-22,76079
2010-01-23,74894
2010-01-24,72020
2010-01-25,69808
2010-01-26,67456
2010-01-27,65834
2010-01-28,64493
2010-01-29,63006
2010-01-30,63112
2010-01-31,62950
2010-02-01,63704
2010-02-02,63537
2010-02-03,62694
2010-02-04,62179
2010-02-05,61732
2010-02-06,61542
2010-02-07,61714
2010-02-08,62084
2010-02-09,63773
2010-02-10,64184
2010-02-11,64174
2010-02-12,64350
2010-02-13,64199
2010-02-14,63692
2010-02-15,63241
2010-02-16,59347
2010-02-17,58434
2010-02-18,58033
2010-02-19,57505
2010-02-20,56636
2010-02-21,56173
2010-02-22,56695
2010-02-23,56475
2010-02-24,57032
2010-02-25,56970
2010-02-26,57870
2010-02-27,57669
2010-02-28,58080
2010-03-01,58925
2010-03-02,60009
2010-03-03,61511
2010-03-04,62257
2010-03-05,61779
2010-03-06,61397
2010-03-07,61136
2010-03-08,61707
2010-03-09,63578
2010-03-10,63693
2010-03-11,63442
2010-03-12,62086
2010-03-13,61480
2010-03-14,61184
2010-03-15,62160
2010-03-16,63418
2010-03-17,63900
2010-03-18,63698
2010-03-19,62513
2010-03-20,61931
2010-03-21,62164
2010-03-22,62379
2010-03-23,62974
2010-03-24,62348
2010-03-25,61973
2010-03-26,62088
2010-03-27,62097
2010-03-28,62650
2010-03-29,62776
2010-03-30,62242
2010-03-31,61393
2010-04-01,59989
2010-04-02,59554
2010-04-03,59282
2010-04-04,58337
2010-04-05,59803
2010-04-06,60137
2010-04-07,59901
2010-04-08,59404
2010-04-09,57927
2010-04-10,58048
2010-04-11,58481
2010-04-12,58558
2010-04-13,58744
2010-04-14,59018
2010-04-15,58372
2010-04-16,58777
2010-04-17,59168
2010-04-18,58278
2010-04-19,58431
2010-04-20,58943
2010-04-21,58470
2010-04-22,58839
2010-04-23,58796
2010-04-24,58950
2010-04-25,58862
2010-04-26,59884
2010-04-27,60416
2010-04-28,60224
2010-04-29,60017
2010-04-30,60288
2010-05-01,60130
2010-05-02,61002
2010-05-03,61558
2010-05-04,61602
2010-05-05,62171
2010-05-06,61019
2010-05-07,60492
2010-05-08,61099
2010-05-09,61540
2010-05-10,61720
2010-05-11,61774
2010-05-12,61392
2010-05-13,61429
2010-05-14,61363
2010-05-15,62399
2010-05-16,62627
2010-05-17,61293
2010-05-18,61293
2010-05-19,61714
2010-05-20,61139
2010-05-21,60696
2010-05-22,60602
2010-05-23,60393
2010-05-24,60684
2010-05-25,60929
2010-05-26,60899
2010-05-27,60086
2010-05-28,59263
2010-05-29,58988
2010-05-30,58199
2010-05-31,58357
2010-06-01,58370
2010-06-02,57682
2010-06-03,57175
2010-06-04,57095
2010-06-05,56894
2010-06-06,57380
2010-06-07,57652
2010-06-08,57208
2010-06-09,58414
2010-06-10,58636
2010-06-11,58726
2010-06-12,58981
2010-06-13,59018
2010-06-14,59132
2010-06-15,59924
2010-06-16,59722
2010-06-17,59306
2010-06-18,58737
2010-06-19,57508
2010-06-20,57387
2010-06-21,57404
2010-06-22,58095
2010-06-23,57852
2010-06-24,57488
2010-06-25,57822
2010-06-26,57884
2010-06-27,58536
2010-06-28,59479
2010-06-29,59757
2010-06-30,60748
2010-07-01,60489
2010-07-02,60474
2010-07-03,60692
2010-07-04,60654
2010-07-05,60854
2010-07-06,61806
2010-07-07,61445
2010-07-08,63761
2010-07-09,65534
2010-07-10,65210
2010-07-11,65559
2010-07-12,65933
2010-07-13,66034
2010-07-14,66234
2010-07-15,68572
2010-07-16,67673
2010-07-17,66604
2010-07-18,65986
2010-07-19,66424
2010-07-20,66648
2010-07-21,66802
2010-07-22,67718
2010-07-23,67320
2010-07-24,67281
2010-07-25,67389
2010-07-26,67915
2010-07-27,68335
2010-07-28,67787
2010-07-29,67376
2010-07-30,67249
2010-07-31,65593
2010-08-01,65103
2010-08-02,65415
2010-08-03,65862
2010-08-04,66068
2010-08-05,65964
2010-08-06,65527
2010-08-07,65378
2010-08-08,63481
2010-08-09,62258
2010-08-10,61654
2010-08-11,61306
2010-08-12,61133
2010-08-13,61142
2010-08-14,62657
2010-08-15,62189
2010-08-16,63346
2010-08-17,63892
2010-08-18,63962
2010-08-19,63181
2010-08-20,63291
2010-08-21,62818
2010-08-22,61938
2010-08-23,62011
2010-08-24,62838
2010-08-25,62998
2010-08-26,62027
2010-08-27,61135
2010-08-28,61083
2010-08-29,60647
2010-08-30,61103
2010-08-31,61605
2010-09-01,62082
2010-09-02,62294
2010-09-03,62251
2010-09-04,62307
2010-09-05,62735
2010-09-06,62940
2010-09-07,64082
2010-09-08,64236
2010-09-09,64299
2010-09-10,64345
2010-09-11,64327
2010-09-12,64446
2010-09-13,64799
2010-09-14,63503
2010-09-15,63719
2010-09-16,61593
2010-09-17,60645
2010-09-18,60154
2010-09-19,60743
2010-09-20,61591
2010-09-21,62541
2010-09-22,64654
2010-09-23,64497
2010-09-24,63936
2010-09-25,63599
2010-09-26,63724
2010-09-27,64444
2010-09-28,65124
2010-09-29,65206
2010-09-30,63867
2010-10-01,63895
2010-10-02,63930
2010-10-03,64142
2010-10-04,64866
2010-10-05,65492
2010-10-06,65528
2010-10-07,66003
2010-10-08,65941
2010-10-09,66667
2010-10-10,67314
2010-10-11,68179
2010-10-12,68648
2010-10-13,68656
2010-10-14,68832
2010-10-15,71048
2010-10-16,69715
2010-10-17,68686
2010-10-18,69037
2010-10-19,69572
2010-10-20,68931
2010-10-21,68227
2010-10-22,67542
2010-10-23,65540
2010-10-24,65612
2010-10-25,65989
2010-10-26,66711
2010-10-27,66870
2010-10-28,66571
2010-10-29,66153
2010-10-30,67928
2010-10-31,68825
2010-11-01,69184
2010-11-02,69720
2010-11-03,69667
2010-11-04,69245
2010-11-05,68832
2010-11-06,68821
2010-11-07,69080
2010-11-08,69215
2010-11-09,68833
2010-11-10,68445
2010-11-11,67881
2010-11-12,67947
2010-11-13,68032
2010-11-14,68291
2010-11-15,68161
2010-11-16,68547
2010-11-17,67546
2010-11-18,66616
2010-11-19,65404
2010-11-20,66695
2010-11-21,67729
2010-11-22,69431
2010-11-23,69864
2010-11-24,70032
2010-11-25,70846
2010-11-26,71217
2010-11-27,71669
2010-11-28,72051
2010-11-29,73401
2010-11-30,72456
2010-12-01,72938
2010-12-02,72746
2010-12-03,72806
2010-12-04,73021
2010-12-05,73574
2010-12-06,74106
2010-12-07,74829
2010-12-08,74461
2010-12-09,74211
2010-12-10,74384
2010-12-11,74613
2010-12-12,74844
2010-12-13,75144
2010-12-14,75773
2010-12-15,77833
2010-12-16,78375
2010-12-17,78026
2010-12-18,78855
2010-12-19,79647
2010-12-20,81003
2010-12-21,81642
2010-12-22,83506
2010-12-23,83326
2010-12-24,84917
2010-12-25,86334
2010-12-26,86923
2010-12-27,87985
2010-12-28,87805
2010-12-29,86635
2010-12-30,84801
2010-12-31,83976
2011-01-01,82979
2011-01-02,84101
2011-01-03,85519
2011-01-04,86776
2011-01-05,86933
2011-01-06,87476
2011-01-07,87762
2011-01-08,88519
2011-01-09,88872
2011-01-10,89811
2011-01-11,90205
2011-01-12,91392
2011-01-13,91858
2011-01-14,92013
2011-01-15,91980
2011-01-16,91700
2011-01-17,90537
2011-01-18,89764
2011-01-19,88641
2011-01-20,87515
2011-01-21,86801
2011-01-22,83849
2011-01-23,82230
2011-01-24,80393
2011-01-25,78435
2011-01-26,76800
2011-01-27,74952
2011-01-28,74716
2011-01-29,75184
2011-01-30,74712
2011-01-31,74774
2011-02-01,75250
2011-02-02,75356
2011-02-03,74250
2011-02-04,73625
2011-02-05,73260
2011-02-06,73189
2011-02-07,73279
2011-02-08,73094
2011-02-09,72933
2011-02-10,72319
2011-02-11,72113
2011-02-12,72288
2011-02-13,72186
2011-02-14,72131
2011-02-15,69925
2011-02-16,68654
2011-02-17,67255
2011-02-18,66664
2011-02-19,66340
2011-02-20,66075
2011-02-21,66345
2011-02-22,67664
2011-02-23,68702
2011-02-24,68193
2011-02-25,68327
2011-02-26,74007
2011-02-27,73624
2011-02-28,72074
2011-03-01,73707
2011-03-02,75648
2011-03-03,76022
2011-03-04,75883
2011-03-05,75638
2011-03-06,76285
2011-03-07,77091
2011-03-08,77614
2011-03-09,79370
2011-03-10,79433
2011-03-11,78984
2011-03-12,79220
2011-03-13,79258
2011-03-14,79604
2011-03-15,80739
2011-03-16,82188
2011-03-17,83128
2011-03-18,83667
2011-03-19,80297
2011-03-20,79484
2011-03-21,79003
2011-03-22,79476
2011-03-23,79756
2011-03-24,78609
2011-03-25,77994
2011-03-26,79079
2011-03-27,79644
2011-03-28,80266
2011-03-29,74261
2011-03-30,74193
2011-03-31,74874
2011-04-01,73400
2011-04-02,72933
2011-04-03,73183
2011-04-04,73553
2011-04-05,73635
2011-04-06,73364
2011-04-07,73048
2011-04-08,72668
2011-04-09,70580
2011-04-10,70162
2011-04-11,70306
2011-04-12,70120
2011-04-13,69874
2011-04-14,69392
2011-04-15,69429
2011-04-16,68800
2011-04-17,68937
2011-04-18,69845
2011-04-19,70509
2011-04-20,70986
2011-04-21,72194
2011-04-22,73254
2011-04-23,73153
2011-04-24,72607
2011-04-25,72463
2011-04-26,72217
2011-04-27,72395
2011-04-28,71637
2011-04-29,71907
2011-04-30,72519
2011-05-01,72618
2011-05-02,74026
2011-05-03,74320
2011-05-04,74099
2011-05-05,73538
2011-05-06,73464
2011-05-07,73973
2011-05-08,74164
2011-05-09,74940
2011-05-10,75062
2011-05-11,74801
2011-05-12,74635
2011-05-13,74736
2011-05-14,74916
2011-05-15,78436
2011-05-16,78239
2011-05-17,77767
2011-05-18,77160
2011-05-19,76270
2011-05-20,75900
2011-05-21,75446
2011-05-22,73833
2011-05-23,72041
2011-05-24,71231
2011-05-25,70840
2011-05-26,70525
2011-05-27,69549
2011-05-28,71868
2011-05-29,72387
2011-05-30,72485
2011-05-31,72265
2011-06-01,72657
2011-06-02,85412
2011-06-03,86919
2011-06-04,87673
2011-06-05,88498
2011-06-06,89502
2011-06-07,89715
2011-06-08,89524
2011-06-09,89163
2011-06-10,89811
2011-06-11,89969
2011-06-12,90213
2011-06-13,90192
2011-06-14,90338
2011-06-15,88551
2011-06-16,87538
2011-06-17,86934
2011-06-18,86225
2011-06-19,86053
2011-06-20,85918
2011-06-21,85162
2011-06-22,85075
2011-06-23,84366
2011-06-24,84276
2011-06-25,83781
2011-06-26,83391
2011-06-27,83532
2011-06-28,80876
2011-06-29,80418
2011-06-30,80109
2011-07-01,79712
2011-07-02,79204
2011-07-03,66369
2011-07-04,63860
2011-07-05,63006
2011-07-06,62628
2011-07-07,68257
2011-07-08,74579
2011-07-09,76555
2011-07-10,77558
2011-07-11,78007
2011-07-12,78390
2011-07-13,78753
2011-07-14,79116
2011-07-15,81285
2011-07-16,80590
2011-07-17,79634
2011-07-18,79996
2011-07-19,80778
2011-07-20,81701
2011-07-21,81106
2011-07-22,81063
2011-07-23,80893
2011-07-24,80829
2011-07-25,81092
2011-07-26,81401
2011-07-27,81535
2011-07-28,81507
2011-07-29,81190
2011-07-30,80975
2011-07-31,80624
2011-08-01,80985
2011-08-02,87984
2011-08-03,88594
2011-08-04,89490
2011-08-05,89709
2011-08-06,89784
2011-08-07,84324
2011-08-08,78993
2011-08-09,77822
2011-08-10,77977
2011-08-11,77696
2011-08-12,77524
2011-08-13,77330
2011-08-14,77172
2011-08-15,77999
2011-08-16,77527
2011-08-17,77536
2011-08-18,77036
2011-08-19,76285
2011-08-20,75057
2011-08-21,74613
2011-08-22,75240
2011-08-23,75819
2011-08-24,75863
2011-08-25,78211
2011-08-26,88927
2011-08-27,90685
2011-08-28,91585
2011-08-29,92710
2011-08-30,93322
2011-08-31,93553
2011-09-01,93920
2011-09-02,87455
2011-09-03,86322
2011-09-04,85931
2011-09-05,86282
2011-09-06,86508
2011-09-07,86567
2011-09-08,85977
2011-09-09,85497
2011-09-10,84597
2011-09-11,84233
2011-09-12,84402
2011-09-13,84457
2011-09-14,84550
2011-09-15,82891
2011-09-16,81980
2011-09-17,80999
2011-09-18,80709
2011-09-19,81180
2011-09-20,81368
2011-09-21,81779
2011-09-22,81409
2011-09-23,80882
2011-09-24,80688
2011-09-25,79559
2011-09-26,73224
2011-09-27,83356
2011-09-28,84738
2011-09-29,84464
2011-09-30,83895
2011-10-01,83685
2011-10-02,83818
2011-10-03,84312
2011-10-04,85149
2011-10-05,85165
2011-10-06,84851
2011-10-07,84581
2011-10-08,84665
2011-10-09,84608
2011-10-10,84867
2011-10-11,85738
2011-10-12,86942
2011-10-13,87151
2011-10-14,87258
2011-10-15,89593
2011-10-16,88688
2011-10-17,88421
2011-10-18,88349
2011-10-19,87875
2011-10-20,87044
2011-10-21,86772
2011-10-22,86284
2011-10-23,85987
2011-10-24,86615
2011-10-25,86648
2011-10-26,85710
2011-10-27,81791
2011-10-28,69813
2011-10-29,67772
2011-10-30,67005
2011-10-31,67103
2011-11-01,67258
2011-11-02,67494
2011-11-03,67324
2011-11-04,67409
2011-11-05,67704
2011-11-06,67890
2011-11-07,68282
2011-11-08,68269
2011-11-09,68968
2011-11-10,68954
2011-11-11,68792
2011-11-12,68310
2011-11-13,68259
2011-11-14,68655
2011-11-15,67611
2011-11-16,67906
2011-11-17,67885
2011-11-18,83726
2011-11-19,87055
2011-11-20,88730
2011-11-21,90383
2011-11-22,91615
2011-11-23,92451
2011-11-24,91751
2011-11-25,92345
2011-11-26,93066
2011-11-27,93798
2011-11-28,94176
2011-11-29,94520
2011-11-30,94629
2011-12-01,94367
2011-12-02,94448
2011-12-03,94530
2011-12-04,94878
2011-12-05,95008
2011-12-06,94843
2011-12-07,95227
2011-12-08,95194
2011-12-09,95449
2011-12-10,95371
2011-12-11,95672
2011-12-12,95904
2011-12-13,96436
2011-12-14,97227
2011-12-15,99465
2011-12-16,99751
2011-12-17,98960
2011-12-18,99081
2011-12-19,82729
2011-12-20,87497
2011-12-21,90942
2011-12-22,92000
2011-12-23,93135
2011-12-24,94007
2011-12-25,96097
2011-12-26,97624
2011-12-27,98668
2011-12-28,99664
2011-12-29,106961
2011-12-30,111987
2011-12-31,113465
2012-01-01,114238
2012-01-02,115660
2012-01-03,116827
2012-01-04,117693
2012-01-05,118439
2012-01-06,119105
2012-01-07,119201
2012-01-08,119735
2012-01-09,119814
2012-01-10,120375
2012-01-11,120381
2012-01-12,122315
2012-01-13,127242
2012-01-14,128599
2012-01-15,126788
2012-01-16,129692
2012-01-17,129669
2012-01-18,128918
2012-01-19,127534
2012-01-20,118711
2012-01-21,114571
2012-01-22,112541
2012-01-23,111232
2012-01-24,110380
2012-01-25,109158
2012-01-26,107274
2012-01-27,106778
2012-01-28,105808
2012-01-29,98511
2012-01-30,96075
2012-01-31,104602
2012-02-01,105178
2012-02-02,104987
2012-02-03,104281
2012-02-04,103726
2012-02-05,103291
2012-02-06,103363
2012-02-07,103544
2012-02-08,103950
2012-02-09,103564
2012-02-10,103081
2012-02-11,103097
2012-02-12,101100
2012-02-13,95828
2012-02-14,94530
2012-02-15,95463
2012-02-16,89270
2012-02-17,87778
2012-02-18,86401
2012-02-19,85885
2012-02-20,85440
2012-02-21,84733
2012-02-22,84273
2012-02-23,88152
2012-02-24,96412
2012-02-25,97745
2012-02-26,98830
2012-02-27,98814
2012-02-28,98884
2012-02-29,98820
2012-03-01,97144
2012-03-02,87034
2012-03-03,85809
2012-03-04,85158
2012-03-05,85380
2012-03-06,85637
2012-03-07,85419
2012-03-08,88421
2012-03-09,91496
2012-03-10,93008
2012-03-11,94219
2012-03-12,98378
2012-03-13,103327
2012-03-14,108037
2012-03-15,112845
2012-03-16,114596
2012-03-17,113685
2012-03-18,113470
2012-03-19,114215
2012-03-20,115163
2012-03-21,115529
2012-03-22,120209
2012-03-23,130639
2012-03-24,132493
2012-03-25,129733
2012-03-26,122105
2012-03-27,121163
2012-03-28,120699
2012-03-29,120756
2012-03-30,120751
2012-03-31,120217
2012-04-01,119315
2012-04-02,119414
2012-04-03,119592
2012-04-04,119562
2012-04-05,119431
2012-04-06,119673
2012-04-07,119473
2012-04-08,116176
2012-04-09,113390
2012-04-10,111580
2012-04-11,115274
2012-04-12,116041
2012-04-13,112251
2012-04-14,108078
2012-04-15,104601
2012-04-16,104510
2012-04-17,104174
2012-04-18,103554
2012-04-19,102489
2012-04-20,101537
2012-04-21,100827
2012-04-22,95346
2012-04-23,82489
2012-04-24,80304
2012-04-25,81773
2012-04-26,87751
2012-04-27,88639
2012-04-28,88609
2012-04-29,88981
2012-04-30,89546
2012-05-01,90112
2012-05-02,90489
2012-05-03,91933
2012-05-04,92563
2012-05-05,92817
2012-05-06,93411
2012-05-07,93405
2012-05-08,93727
2012-05-09,101237
2012-05-10,102515
2012-05-11,103478
2012-05-12,100377
2012-05-13,96759
2012-05-14,96376
2012-05-15,98349
2012-05-16,97877
2012-05-17,96006
2012-05-18,95117
2012-05-19,94144
2012-05-20,94052
2012-05-21,93719
2012-05-22,93650
2012-05-23,93232
2012-05-24,93155
2012-05-25,105909
2012-05-26,105100
2012-05-27,99533
2012-05-28,99658
2012-05-29,100470
2012-05-30,100175
2012-05-31,99759
2012-06-01,99781
2012-06-02,99679
2012-06-03,98852
2012-06-04,98741
2012-06-05,98638
2012-06-06,98753
2012-06-07,101707
2012-06-08,103465
2012-06-09,100715
2012-06-10,100919
2012-06-11,101296
2012-06-12,101461
2012-06-13,101145
2012-06-14,101886
2012-06-15,100261
2012-06-16,98723
2012-06-17,98035
2012-06-18,98063
2012-06-19,102033
2012-06-20,109394
2012-06-21,111443
2012-06-22,111827
2012-06-23,111523
2012-06-24,111130
2012-06-25,97333
2012-06-26,100101
2012-06-27,101113
2012-06-28,100219
2012-06-29,99134
2012-06-30,98943
2012-07-01,99295
2012-07-02,99286
2012-07-03,99287
2012-07-04,99474
2012-07-05,99500
2012-07-06,99783
2012-07-07,99832
2012-07-08,97242
2012-07-09,96303
2012-07-10,96732
2012-07-11,99208
2012-07-12,99526
2012-07-13,99740
2012-07-14,100620
2012-07-15,101056
2012-07-16,101780
2012-07-17,100777
2012-07-18,101001
2012-07-19,100883
2012-07-20,96170
2012-07-21,86053
2012-07-22,83190
2012-07-23,82413
2012-07-24,84562
2012-07-25,92873
2012-07-26,99259
2012-07-27,96231
2012-07-28,94201
2012-07-29,94277
2012-07-30,95150
2012-07-31,95558
2012-08-01,95280
2012-08-02,95713
2012-08-03,95941
2012-08-04,96154
2012-08-05,96316
2012-08-06,96937
2012-08-07,98647
2012-08-08,100631
2012-08-09,101444
2012-08-10,98773
2012-08-11,95646
2012-08-12,95231
2012-08-13,98438
2012-08-14,102145
2012-08-15,103367
2012-08-16,104843
2012-08-17,105101
2012-08-18,104582
2012-08-19,104455
2012-08-20,105083
2012-08-21,105527
2012-08-22,105704
2012-08-23,105997
2012-08-24,104107
2012-08-25,95074
2012-08-26,87233
2012-08-27,86220
2012-08-28,96397
2012-08-29,103996
2012-08-30,106647
2012-08-31,108287
2012-09-01,108902
2012-09-02,108987
2012-09-03,109635
2012-09-04,110220
2012-09-05,110313
2012-09-06,111161
2012-09-07,110360
2012-09-08,108982
2012-09-09,108604
2012-09-10,108600
2012-09-11,110480
2012-09-12,114962
2012-09-13,112537
2012-09-14,108964
2012-09-15,107466
2012-09-16,106208
2012-09-17,105766
2012-09-18,105939
2012-09-19,105612
2012-09-20,104525
2012-09-21,103259
2012-09-22,102804
2012-09-23,102289
2012-09-24,102839
2012-09-25,103054
2012-09-26,102803
2012-09-27,111413
2012-09-28,107933
2012-09-29,102655
2012-09-30,100973
2012-10-01,100074
2012-10-02,100315
2012-10-03,100897
2012-10-04,100883
2012-10-05,100555
2012-10-06,100783
2012-10-07,100223
2012-10-08,100443
2012-10-09,100983
2012-10-10,106398
2012-10-11,107432
2012-10-12,106219
2012-10-13,101578
2012-10-14,101693
2012-10-15,102777
2012-10-16,104733
2012-10-17,102116
2012-10-18,101351
2012-10-19,100749
2012-10-20,100510
2012-10-21,100917
2012-10-22,101403
2012-10-23,108095
2012-10-24,115370
2012-10-25,116595
2012-10-26,116721
2012-10-27,116843
2012-10-28,107470
2012-10-29,101003
2012-10-30,98752
2012-10-31,97275
2012-11-01,96525
2012-11-02,95723
2012-11-03,94765
2012-11-04,94345
2012-11-05,93930
2012-11-06,93505
2012-11-07,92952
2012-11-08,91849
2012-11-09,91045
2012-11-10,85428
2012-11-11,83995
2012-11-12,83745
2012-11-13,84126
2012-11-14,88477
2012-11-15,90061
2012-11-16,90509
2012-11-17,94103
2012-11-18,97526
2012-11-19,99704
2012-11-20,107017
2012-11-21,109153
2012-11-22,109623
2012-11-23,102924
2012-11-24,95950
2012-11-25,95176
2012-11-26,95575
2012-11-27,96694
2012-11-28,97107
2012-11-29,97649
2012-11-30,98096
2012-12-01,98336
2012-12-02,98135
2012-12-03,98820
2012-12-04,106123
2012-12-05,107037
2012-12-06,108679
2012-12-07,109335
2012-12-08,109909
2012-12-09,110813
2012-12-10,111250
2012-12-11,111753
2012-12-12,112675
2012-12-13,113175
2012-12-14,113306
2012-12-15,110998
2012-12-16,112004
2012-12-17,113270
2012-12-18,111917
2012-12-19,112156
2012-12-20,112945
2012-12-21,106395
2012-12-22,104442
2012-12-23,104249
2012-12-24,105539
2012-12-25,105803
2012-12-26,106031
2012-12-27,109237
2012-12-28,110259
2012-12-29,111317
2012-12-30,112155
2012-12-31,113225
2013-01-01,113449
2013-01-02,114438
2013-01-03,114370
2013-01-04,107937
2013-01-05,107515
2013-01-06,106467
2013-01-07,106241
2013-01-08,110926
2013-01-09,112657
2013-01-10,113189
2013-01-11,114051
2013-01-12,113873
2013-01-13,114142
2013-01-14,114369
2013-01-15,114465
2013-01-16,112895
2013-01-17,111285
2013-01-18,110974
2013-01-19,109945
2013-01-20,108442
2013-01-21,108669
2013-01-22,108485
2013-01-23,108469
2013-01-24,107010
2013-01-25,105542
2013-01-26,104238
2013-01-27,100357
2013-01-28,98150
2013-01-29,96460
2013-01-30,94663
2013-01-31,92060
2013-02-01,91424
2013-02-02,90549
2013-02-03,90103
2013-02-04,89968
2013-02-05,90174
2013-02-06,90044
2013-02-07,89825
2013-02-08,85388
2013-02-09,83379
2013-02-10,82615
2013-02-11,81829
2013-02-12,82617
2013-02-13,82429
2013-02-14,82539
2013-02-15,82481
2013-02-16,81027
2013-02-17,79030
2013-02-18,80002
2013-02-19,79396
2013-02-20,78818
2013-02-21,78117
2013-02-22,77957
2013-02-23,78338
2013-02-24,78390
2013-02-25,78881
2013-02-26,79173
2013-02-27,80840
2013-02-28,85542
2013-03-01,86358
2013-03-02,86703
2013-03-03,87142
2013-03-04,87748
2013-03-05,89165
2013-03-06,90396
2013-03-07,90832
2013-03-08,93059
2013-03-09,94627
2013-03-10,95217
2013-03-11,95726
2013-03-12,104154
2013-03-13,107740
2013-03-14,109088
2013-03-15,111920
2013-03-16,116306
2013-03-17,122579
2013-03-18,126270
2013-03-19,126593
2013-03-20,121198
2013-03-21,116572
2013-03-22,113526
2013-03-23,112287
2013-03-24,112277
2013-03-25,112250
2013-03-26,111967
2013-03-27,112156
2013-03-28,121010
2013-03-29,123287
2013-03-30,122193
2013-03-31,118890
2013-04-01,118871
2013-04-02,119121
2013-04-03,119555
2013-04-04,119498
2013-04-05,118818
2013-04-06,118184
2013-04-07,118128
2013-04-08,116200
2013-04-09,115006
2013-04-10,117361
2013-04-11,121431
2013-04-12,115201
2013-04-13,112433
2013-04-14,112051
2013-04-15,108551
2013-04-16,102775
2013-04-17,97017
2013-04-18,96883
2013-04-19,96525
2013-04-20,96144
2013-04-21,95561
2013-04-22,95791
2013-04-23,96216
2013-04-24,98657
2013-04-25,100691
2013-04-26,104035
2013-04-27,104602
2013-04-28,95661
2013-04-29,95824
2013-04-30,98501
2013-05-01,98636
2013-05-02,98905
2013-05-03,98870
2013-05-04,98714
2013-05-05,99166
2013-05-06,100087
2013-05-07,100867
2013-05-08,103560
2013-05-09,105742
2013-05-10,106555
2013-05-11,105346
2013-05-12,102053
2013-05-13,101699
2013-05-14,101828
2013-05-15,101641
2013-05-16,101389
2013-05-17,105812
2013-05-18,106513
2013-05-19,101318
2013-05-20,99416
2013-05-21,106352
2013-05-22,111248
2013-05-23,111267
2013-05-24,111178
2013-05-25,108209
2013-05-26,106393
2013-05-27,103426
2013-05-28,103220
2013-05-29,103322
2013-05-30,101302
2013-05-31,98553
2013-06-01,98059
2013-06-02,97111
2013-06-03,96754
2013-06-04,96562
2013-06-05,97661
2013-06-06,99671
2013-06-07,100932
2013-06-08,99059
2013-06-09,97616
2013-06-10,97385
2013-06-11,98245
2013-06-12,98336
2013-06-13,98302
2013-06-14,98658
2013-06-15,98734
2013-06-16,98969
2013-06-17,98105
2013-06-18,96738
2013-06-19,95685
2013-06-20,94520
2013-06-21,87589
2013-06-22,81505
2013-06-23,80707
2013-06-24,80369
2013-06-25,86921
2013-06-26,89651
2013-06-27,90399
2013-06-28,90549
2013-06-29,90622
2013-06-30,90506
2013-07-01,90731
2013-07-02,90734
2013-07-03,91203
2013-07-04,91285
2013-07-05,91235
2013-07-06,90148
2013-07-07,87705
2013-07-08,85735
2013-07-09,89556
2013-07-10,93032
2013-07-11,93772
2013-07-12,92565
2013-07-13,91998
2013-07-14,92091
2013-07-15,91854
2013-07-16,92364
2013-07-17,98193
2013-07-18,98171
2013-07-19,98737
2013-07-20,97797
2013-07-21,99320
2013-07-22,98782
2013-07-23,100284
2013-07-24,100423
2013-07-25,104338
2013-07-26,101598
2013-07-27,99777
2013-07-28,100196
2013-07-29,100624
2013-07-30,100909
2013-07-31,101451
2013-08-01,101426
2013-08-02,101488
2013-08-03,101283
2013-08-04,101441
2013-08-05,101553
2013-08-06,101705
2013-08-07,101945
2013-08-08,106153
2013-08-09,104725
2013-08-10,102042
2013-08-11,101453
2013-08-12,101315
2013-08-13,101746
2013-08-14,102071
2013-08-15,102326
2013-08-16,102308
2013-08-17,99642
2013-08-18,97779
2013-08-19,96258
2013-08-20,96057
2013-08-21,100236
2013-08-22,102402
2013-08-23,101887
2013-08-24,102191
2013-08-25,99438
2013-08-26,97229
2013-08-27,97210
2013-08-28,96954
2013-08-29,96529
2013-08-30,96119
2013-08-31,95797
2013-09-01,95593
2013-09-02,95647
2013-09-03,95762
2013-09-04,95818
2013-09-05,96168
2013-09-06,96380
2013-09-07,96372
2013-09-08,92716
2013-09-09,90543
2013-09-10,94417
2013-09-11,96651
2013-09-12,97405
2013-09-13,97682
2013-09-14,97554
2013-09-15,97471
2013-09-16,96752
2013-09-17,97337
2013-09-18,96354
2013-09-19,95680
2013-09-20,95042
2013-09-21,88364
2013-09-22,84434
2013-09-23,83825
2013-09-24,83632
2013-09-25,88973
2013-09-26,91884
2013-09-27,92518
2013-09-28,93058
2013-09-29,93472
2013-09-30,94548
2013-10-01,95146
2013-10-02,95448
2013-10-03,95448
2013-10-04,95429
2013-10-05,95601
2013-10-06,95497
2013-10-07,95371
2013-10-08,95544
2013-10-09,96054
2013-10-10,101214
2013-10-11,99676
2013-10-12,98424
2013-10-13,98552
2013-10-14,98991
2013-10-15,99160
2013-10-16,99439
2013-10-17,103792
2013-10-18,102386
2013-10-19,98580
2013-10-20,95947
2013-10-21,97990
2013-10-22,95942
2013-10-23,94548
2013-10-24,101389
2013-10-25,103810
2013-10-26,100170
2013-10-27,98381
2013-10-28,98230
2013-10-29,98052
2013-10-30,98014
2013-10-31,97207
2013-11-01,96685
2013-11-02,96536
2013-11-03,96514
2013-11-04,96575
2013-11-05,96698
2013-11-06,96709
2013-11-07,96690
2013-11-08,96635
2013-11-09,96310
2013-11-10,91729
2013-11-11,89437
2013-11-12,92593
2013-11-13,94853
2013-11-14,94701
2013-11-15,95060
2013-11-16,95088
2013-11-17,95848
2013-11-18,97699
2013-11-19,98553
2013-11-20,98791
2013-11-21,98144
2013-11-22,98099
2013-11-23,98210
2013-11-24,90479
2013-11-25,87729
2013-11-26,91226
2013-11-27,94098
2013-11-28,94948
2013-11-29,95084
2013-11-30,95361
2013-12-01,95750
2013-12-02,96191
2013-12-03,97297
2013-12-04,97829
2013-12-05,97833
2013-12-06,98038
2013-12-07,98067
2013-12-08,98437
2013-12-09,98723
2013-12-10,103972
2013-12-11,107145
2013-12-12,108459
2013-12-13,105612
2013-12-14,103514
2013-12-15,103515
2013-12-16,106908
2013-12-17,112123
2013-12-18,112583
2013-12-19,109564
2013-12-20,107735
2013-12-21,107469
2013-12-22,105788
2013-12-23,107001
2013-12-24,109769
2013-12-25,111068
2013-12-26,112169
2013-12-27,108507
2013-12-28,106590
2013-12-29,106220
2013-12-30,112412
2013-12-31,116438
2014-01-01,117470
2014-01-02,118299
2014-01-03,118392
2014-01-04,118797
2014-01-05,119505
2014-01-06,120115
2014-01-07,120568
2014-01-08,120843
2014-01-09,121493
2014-01-10,117216
2014-01-11,114280
2014-01-12,113397
2014-01-13,113433
2014-01-14,117353
2014-01-15,118974
2014-01-16,116447
2014-01-17,116693
2014-01-18,115381
2014-01-19,114940
2014-01-20,115629
2014-01-21,115841
2014-01-22,120983
2014-01-23,121368
2014-01-24,119122
2014-01-25,118543
2014-01-26,117758
2014-01-27,116917
2014-01-28,116149
2014-01-29,121596
2014-01-30,118173
2014-01-31,115019
2014-02-01,114480
2014-02-02,114090
2014-02-03,113488
2014-02-04,112934
2014-02-05,112801
2014-02-06,113212
2014-02-07,113251
2014-02-08,113253
2014-02-09,112746
2014-02-10,115174
2014-02-11,116818
2014-02-12,117133
2014-02-13,116897
2014-02-14,113183
2014-02-15,111770
2014-02-16,111219
2014-02-17,111574
2014-02-18,109723
2014-02-19,108611
2014-02-20,107717
2014-02-21,107723
2014-02-22,100318
2014-02-23,97386
2014-02-24,97960
2014-02-25,104425
2014-02-26,111609
2014-02-27,117551
2014-02-28,119688
2014-03-01,113863
2014-03-02,111578
2014-03-03,111601
2014-03-04,112020
2014-03-05,114894
2014-03-06,116679
2014-03-07,117225
2014-03-08,117311
2014-03-09,116615
2014-03-10,119336
2014-03-11,123455
2014-03-12,136689
2014-03-13,145265
2014-03-14,145711
2014-03-15,145689
2014-03-16,146067
2014-03-17,151236
2014-03-18,158278
2014-03-19,162727
2014-03-20,159947
2014-03-21,160333
2014-03-22,158556
2014-03-23,157066
2014-03-24,154631
2014-03-25,159961
2014-03-26,162935
2014-03-27,166615
2014-03-28,162856
2014-03-29,159646
2014-03-30,154478
2014-03-31,152379
2014-04-01,152696
2014-04-02,152355
2014-04-03,151761
2014-04-04,151333
2014-04-05,147971
2014-04-06,145842
2014-04-07,145457
2014-04-08,145238
2014-04-09,145483
2014-04-10,146142
2014-04-11,143394
2014-04-12,128714
2014-04-13,116489
2014-04-14,114608
2014-04-15,116783
2014-04-16,120742
2014-04-17,121096
2014-04-18,117429
2014-04-19,114615
2014-04-20,111708
2014-04-21,108067
2014-04-22,108186
2014-04-23,108499
2014-04-24,112261
2014-04-25,107905
2014-04-26,105399
2014-04-27,100694
2014-04-28,100018
2014-04-29,99931
2014-04-30,100034
2014-05-01,99302
2014-05-02,99093
2014-05-03,98861
2014-05-04,98241
2014-05-05,99844
2014-05-06,103086
2014-05-07,104047
2014-05-08,103938
2014-05-09,105243
2014-05-10,105495
2014-05-11,102726
2014-05-12,101495
2014-05-13,101920
2014-05-14,101998
2014-05-15,101997
2014-05-16,99937
2014-05-17,97663
2014-05-18,94472
2014-05-19,91931
2014-05-20,95441
2014-05-21,98040
2014-05-22,101205
2014-05-23,103762
2014-05-24,104204
2014-05-25,99763
2014-05-26,98127
2014-05-27,98481
2014-05-28,98967
2014-05-29,99861
2014-05-30,101820
2014-05-31,102690
2014-06-01,102528
2014-06-02,102881
2014-06-03,104473
2014-06-04,105488
2014-06-05,106389
2014-06-06,103869
2014-06-07,103305
2014-06-08,103103
2014-06-09,102355
2014-06-10,107650
2014-06-11,109661
2014-06-12,111133
2014-06-13,111767
2014-06-14,112225
2014-06-15,112384
2014-06-16,113639
2014-06-17,116170
2014-06-18,115640
2014-06-19,115287
2014-06-20,109799
2014-06-21,106349
2014-06-22,101119
2014-06-23,99633
2014-06-24,100740
2014-06-25,107006
2014-06-26,109550
2014-06-27,110936
2014-06-28,111589
2014-06-29,111396
2014-06-30,111819
2014-07-01,112789
2014-07-02,113776
2014-07-03,113585
2014-07-04,110951
2014-07-05,109598
2014-07-06,106650
2014-07-07,106760
2014-07-08,106774
2014-07-09,106919
2014-07-10,119661
2014-07-11,122241
2014-07-12,120673
2014-07-13,118970
2014-07-14,118327
2014-07-15,118734
2014-07-16,119092
2014-07-17,121617
2014-07-18,120061
2014-07-19,116282
2014-07-20,113205
2014-07-21,113559
2014-07-22,114073
2014-07-23,113947
2014-07-24,117324
2014-07-25,118649
2014-07-26,113570
2014-07-27,111472
2014-07-28,109867
2014-07-29,109171
2014-07-30,108413
2014-07-31,107890
2014-08-01,106921
2014-08-02,106102
2014-08-03,105553
2014-08-04,105574
2014-08-05,105813
2014-08-06,105713
2014-08-07,105305
2014-08-08,105092
2014-08-09,104868
2014-08-10,90983
2014-08-11,82415
2014-08-12,85862
2014-08-13,88670
2014-08-14,89289
2014-08-15,88600
2014-08-16,88152
2014-08-17,88814
2014-08-18,89994
2014-08-19,91356
2014-08-20,91696
2014-08-21,92716
2014-08-22,92167
2014-08-23,92057
2014-08-24,85419
2014-08-25,82006
2014-08-26,87133
2014-08-27,89580
2014-08-28,89895
2014-08-29,89877
2014-08-30,89732
2014-08-31,88988
2014-09-01,89367
2014-09-02,89549
2014-09-03,90080
2014-09-04,90303
2014-09-05,90528
2014-09-06,90503
2014-09-07,90455
2014-09-08,93283
2014-09-09,96326
2014-09-10,96800
2014-09-11,99582
2014-09-12,97324
2014-09-13,95296
2014-09-14,94725
2014-09-15,94685
2014-09-16,94814
2014-09-17,92942
2014-09-18,90158
2014-09-19,89153
2014-09-20,88920
2014-09-21,87410
2014-09-22,88210
2014-09-23,88244
2014-09-24,88541
2014-09-25,94006
2014-09-26,91058
2014-09-27,89007
2014-09-28,88648
2014-09-29,92957
2014-09-30,100086
2014-10-01,101257
2014-10-02,101822
2014-10-03,102237
2014-10-04,102305
2014-10-05,102177
2014-10-06,102006
2014-10-07,102339
2014-10-08,104316
2014-10-09,103635
2014-10-10,101251
2014-10-11,101070
2014-10-12,98305
2014-10-13,97926
2014-10-14,102486
2014-10-15,108891
2014-10-16,110319
2014-10-17,113877
2014-10-18,113606
2014-10-19,111887
2014-10-20,111357
2014-10-21,113137
2014-10-22,112551
2014-10-23,111789
2014-10-24,111504
2014-10-25,111062
2014-10-26,105770
2014-10-27,108758
2014-10-28,112298
2014-10-29,113496
2014-10-30,110443
2014-10-31,104432
2014-11-01,103310
2014-11-02,102779
2014-11-03,102727
2014-11-04,102550
2014-11-05,102636
2014-11-06,102883
2014-11-07,102898
2014-11-08,101250
2014-11-09,99382
2014-11-10,98708
2014-11-11,99860
2014-11-12,102896
2014-11-13,103186
2014-11-14,98714
2014-11-15,92013
2014-11-16,90613
2014-11-17,92219
2014-11-18,92429
2014-11-19,91901
2014-11-20,91421
2014-11-21,90044
2014-11-22,89160
2014-11-23,89052
2014-11-24,92621
2014-11-25,96707
2014-11-26,98048
2014-11-27,93878
2014-11-28,90193
2014-11-29,88923
2014-11-30,88157
2014-12-01,88277
2014-12-02,89466
2014-12-03,90253
2014-12-04,90363
2014-12-05,90302
2014-12-06,90253
2014-12-07,90044
2014-12-08,90107
2014-12-09,90315
2014-12-10,92813
2014-12-11,94704
2014-12-12,94839
2014-12-13,92718
2014-12-14,92696
2014-12-15,93153
2014-12-16,93959
2014-12-17,99036
2014-12-18,97159
2014-12-19,94197
2014-12-20,96438
2014-12-21,101854
2014-12-22,104280
2014-12-23,104434
2014-12-24,105192
2014-12-25,102781
2014-12-26,100877
2014-12-27,101881
2014-12-28,102417
2014-12-29,106373
2014-12-30,108613
2014-12-31,112546
2015-01-01,113751
2015-01-02,113356
2015-01-03,112619
2015-01-04,112638
2015-01-05,113379
2015-01-06,114159
2015-01-07,114333
2015-01-08,114122
2015-01-09,113895
2015-01-10,111789
2015-01-11,110417
2015-01-12,109612
2015-01-13,112068
2015-01-14,113557
2015-01-15,113602
2015-01-16,113022
2015-01-17,111911
2015-01-18,111538
2015-01-19,113071
2015-01-20,110159
2015-01-21,105261
2015-01-22,101294
2015-01-23,99713
2015-01-24,98266
2015-01-25,98219
2015-01-26,97258
2015-01-27,100628
2015-01-28,102073
2015-01-29,99166
2015-01-30,97541
2015-01-31,94144
2015-02-01,92944
2015-02-02,92272
2015-02-03,92367
2015-02-04,92583
2015-02-05,92245
2015-02-06,91968
2015-02-07,91826
2015-02-08,91955
2015-02-09,94415
2015-02-10,96539
2015-02-11,96971
2015-02-12,97112
2015-02-13,96378
2015-02-14,95608
2015-02-15,95424
2015-02-16,95132
2015-02-17,93122
2015-02-18,90388
2015-02-19,87755
2015-02-20,88833
2015-02-21,89716
2015-02-22,89428
2015-02-23,89851
2015-02-24,89989
2015-02-25,93411
2015-02-26,96383
2015-02-27,91817
2015-02-28,89849
2015-03-01,89566
2015-03-02,89664
2015-03-03,89360
2015-03-04,88846
2015-03-05,89134
2015-03-06,88983
2015-03-07,88468
2015-03-08,88314
2015-03-09,87990
2015-03-10,91106
2015-03-11,92794
2015-03-12,91057
2015-03-13,89523
2015-03-14,89415
2015-03-15,89395
2015-03-16,87252
2015-03-17,90601
2015-03-18,92822
2015-03-19,95593
2015-03-20,93892
2015-03-21,94450
2015-03-22,94255
2015-03-23,97267
2015-03-24,107221
2015-03-25,110020
2015-03-26,112685
2015-03-27,113994
2015-03-28,109978
2015-03-29,106482
2015-03-30,111658
2015-03-31,113435
2015-04-01,114002
2015-04-02,113870
2015-04-03,114043
2015-04-04,114210
2015-04-05,113789
2015-04-06,113889
2015-04-07,114323
2015-04-08,118486
2015-04-09,119283
2015-04-10,116515
2015-04-11,115191
2015-04-12,114972
2015-04-13,114640
2015-04-14,117324
2015-04-15,118920
2015-04-16,119519
2015-04-17,119383
2015-04-18,120821
2015-04-19,120850
2015-04-20,122287
2015-04-21,121951
2015-04-22,122381
2015-04-23,117252
2015-04-24,109570
2015-04-25,106336
2015-04-26,104484
2015-04-27,103907
2015-04-28,110008
2015-04-29,112397
2015-04-30,100443
2015-05-01,98430
2015-05-02,97053
2015-05-03,96467
2015-05-04,96178
2015-05-05,96022
2015-05-06,96370
2015-05-07,101031
2015-05-08,109650
2015-05-09,107422
2015-05-10,106939
2015-05-11,107586
2015-05-12,107959
2015-05-13,108191
2015-05-14,108971
2015-05-15,107063
2015-05-16,105438
2015-05-17,108747
2015-05-18,108583
2015-05-19,106215
2015-05-20,104567
2015-05-21,103909
2015-05-22,101838
2015-05-23,99403
2015-05-24,97934
2015-05-25,97763
2015-05-26,97975
2015-05-27,98004
2015-05-28,97658
2015-05-29,95506
2015-05-30,95501
2015-05-31,95615
2015-06-01,95555
2015-06-02,96208
2015-06-03,96601
2015-06-04,96739
2015-06-05,96948
2015-06-06,96977
2015-06-07,92477
2015-06-08,82574
2015-06-09,87307
2015-06-10,92498
2015-06-11,95268
2015-06-12,96123
2015-06-13,96137
2015-06-14,95776
2015-06-15,96788
2015-06-16,98767
2015-06-17,99267
2015-06-18,97852
2015-06-19,98686
2015-06-20,98447
2015-06-21,97548
2015-06-22,101747
2015-06-23,109413
2015-06-24,113149
2015-06-25,114791
2015-06-26,116667
2015-06-27,116865
2015-06-28,116992
2015-06-29,113965
2015-06-30,112440
2015-07-01,112623
2015-07-02,112437
2015-07-03,111827
2015-07-04,111373
2015-07-05,111280
2015-07-06,112170
2015-07-07,112095
2015-07-08,112581
2015-07-09,113323
2015-07-10,112185
2015-07-11,109774
2015-07-12,107769
2015-07-13,108851
2015-07-14,110400
2015-07-15,110912
2015-07-16,109367
2015-07-17,108898
2015-07-18,106726
2015-07-19,104499
2015-07-20,105211
2015-07-21,107135
2015-07-22,107143
2015-07-23,106028
2015-07-24,99867
2015-07-25,96806
2015-07-26,95514
2015-07-27,94054
2015-07-28,94230
2015-07-29,94646
2015-07-30,94511
2015-07-31,94046
2015-08-01,93102
2015-08-02,91887
2015-08-03,91543
2015-08-04,91891
2015-08-05,91843
2015-08-06,90847
2015-08-07,90939
2015-08-08,90182
2015-08-09,89408
2015-08-10,88043
2015-08-11,87694
2015-08-12,88565
2015-08-13,89811
2015-08-14,90527
2015-08-15,90452
2015-08-16,90488
2015-08-17,91976
2015-08-18,92767
2015-08-19,93162
2015-08-20,90120
2015-08-21,88302
2015-08-22,86963
2015-08-23,80644
2015-08-24,79336
2015-08-25,84868
2015-08-26,86646
2015-08-27,86980
2015-08-28,91810
2015-08-29,93325
2015-08-30,94076
2015-08-31,94741
2015-09-01,95437
2015-09-02,96001
2015-09-03,96382
2015-09-04,96318
2015-09-05,96358
2015-09-06,96164
2015-09-07,95981
2015-09-08,96097
2015-09-09,100646
2015-09-10,107162
2015-09-11,107675
2015-09-12,106307
2015-09-13,103767
2015-09-14,103926
2015-09-15,104163
2015-09-16,103949
2015-09-17,102048
2015-09-18,100478
2015-09-19,98956
2015-09-20,97960
2015-09-21,97450
2015-09-22,96846
2015-09-23,96852
2015-09-24,98760
2015-09-25,95271
2015-09-26,93475
2015-09-27,93059
2015-09-28,88740
2015-09-29,87311
2015-09-30,86417
2015-10-01,85955
2015-10-02,85559
2015-10-03,85122
2015-10-04,84909
2015-10-05,85060
2015-10-06,85290
2015-10-07,85796
2015-10-08,88334
2015-10-09,89410
2015-10-10,85279
2015-10-11,77556
2015-10-12,76508
2015-10-13,76899
2015-10-14,77216
2015-10-15,75766
2015-10-16,75513
2015-10-17,78410
2015-10-18,78649
2015-10-19,77053
2015-10-20,76445
2015-10-21,77710
2015-10-22,81317
2015-10-23,80993
2015-10-24,80808
2015-10-25,78316
2015-10-26,79247
2015-10-27,79969
2015-10-28,81423
2015-10-29,81820
2015-10-30,82116
2015-10-31,82142
2015-11-01,82173
2015-11-02,82073
2015-11-03,82195
2015-11-04,82371
2015-11-05,82060
2015-11-06,81866
2015-11-07,81428
2015-11-08,78861
2015-11-09,77883
2015-11-10,81024
2015-11-11,82550
2015-11-12,82935
2015-11-13,82901
2015-11-14,83180
2015-11-15,82870
2015-11-16,83126
2015-11-17,83750
2015-11-18,84366
2015-11-19,83627
2015-11-20,84042
2015-11-21,83908
2015-11-22,79838
2015-11-23,79903
2015-11-24,85693
2015-11-25,87551
2015-11-26,85925
2015-11-27,85358
2015-11-28,83988
2015-11-29,83684
2015-11-30,83793
2015-12-01,87366
2015-12-02,90613
2015-12-03,92070
2015-12-04,92696
2015-12-05,92616
2015-12-06,93015
2015-12-07,93413
2015-12-08,94320
2015-12-09,100219
2015-12-10,102784
2015-12-11,101005
2015-12-12,99909
2015-12-13,100011
2015-12-14,100956
2015-12-15,101576
2015-12-16,102958
2015-12-17,106665
2015-12-18,108637
2015-12-19,106508
2015-12-20,105899
2015-12-21,107708
2015-12-22,107863
2015-12-23,106286
2015-12-24,104601
2015-12-25,99430
2015-12-26,98817
2015-12-27,99001
2015-12-28,104587
2015-12-29,107692
2015-12-30,109924
2015-12-31,111996
2016-01-01,110797
2016-01-02,108271
2016-01-03,107482
2016-01-04,107598
2016-01-05,108100
2016-01-06,108139
2016-01-07,107954
2016-01-08,107508
2016-01-09,102064
2016-01-10,99880
2016-01-11,98959
2016-01-12,101968
2016-01-13,103132
2016-01-14,102809
2016-01-15,102121
2016-01-16,100975
2016-01-17,100921
2016-01-18,100319
2016-01-19,100138
2016-01-20,99517
2016-01-21,97793
2016-01-22,95600
2016-01-23,94765
2016-01-24,94164
2016-01-25,93665
2016-01-26,92419
2016-01-27,96025
2016-01-28,92622
2016-01-29,90350
2016-01-30,88367
2016-01-31,86490
2016-02-01,84773
2016-02-02,84351
2016-02-03,84084
2016-02-04,83926
2016-02-05,83465
2016-02-06,83521
2016-02-07,83717
2016-02-08,84177
2016-02-09,84662
2016-02-10,85371
2016-02-11,85870
2016-02-12,83514
2016-02-13,82626
2016-02-14,82362
2016-02-15,82522
2016-02-16,82696
2016-02-17,82523
2016-02-18,80353
2016-02-19,79481
2016-02-20,80000
2016-02-21,80129
2016-02-22,80130
2016-02-23,79900
2016-02-24,79319
2016-02-25,83834
2016-02-26,85655
2016-02-27,81325
2016-02-28,79949
2016-02-29,79353
2016-03-01,80502
2016-03-02,81069
2016-03-03,81345
2016-03-04,81556
2016-03-05,81317
2016-03-06,80838
2016-03-07,81312
2016-03-08,93998
2016-03-09,102599
2016-03-10,102183
2016-03-11,101794
2016-03-12,100671
2016-03-13,100199
2016-03-14,99337
2016-03-15,98847
2016-03-16,98549
2016-03-17,101707
2016-03-18,104539
2016-03-19,102574
2016-03-20,99488
2016-03-21,100470
2016-03-22,100376
2016-03-23,97688
2016-03-24,95580
2016-03-25,95160
2016-03-26,98546
2016-03-27,95571
2016-03-28,95164
2016-03-29,95677
2016-03-30,95844
2016-03-31,96293
2016-04-01,95287
2016-04-02,94338
2016-04-03,94037
2016-04-04,94005
2016-04-05,94946
2016-04-06,95573
2016-04-07,95586
2016-04-08,82573
2016-04-09,73196
2016-04-10,76435
2016-04-11,78385
2016-04-12,86168
2016-04-13,92219
2016-04-14,95094
2016-04-15,96805
2016-04-16,97201
2016-04-17,98019
2016-04-18,102372
2016-04-19,104341
2016-04-20,105720
2016-04-21,107896
2016-04-22,112434
2016-04-23,112702
2016-04-24,112689
2016-04-25,119566
2016-04-26,119369
2016-04-27,119103
2016-04-28,124145
2016-04-29,125113
2016-04-30,124730
2016-05-01,124485
2016-05-02,125595
2016-05-03,128000
2016-05-04,130610
2016-05-05,134458
2016-05-06,135103
2016-05-07,135005
2016-05-08,136225
2016-05-09,140516
2016-05-10,142859
2016-05-11,140792
2016-05-12,139547
2016-05-13,135319
2016-05-14,131244
2016-05-15,129485
2016-05-16,129073
2016-05-17,133282
2016-05-18,133463
2016-05-19,128927
2016-05-20,127352
2016-05-21,126738
2016-05-22,124134
2016-05-23,120491
2016-05-24,121982
2016-05-25,127185
2016-05-26,122888
2016-05-27,120225
2016-05-28,119260
2016-05-29,107588
2016-05-30,105480
2016-05-31,105357
2016-06-01,104809
2016-06-02,102440
2016-06-03,99283
2016-06-04,95750
2016-06-05,90898
2016-06-06,89356
2016-06-07,88982
2016-06-08,88111
2016-06-09,83950
2016-06-10,81420
2016-06-11,80726
2016-06-12,80646
2016-06-13,84141
2016-06-14,85682
2016-06-15,86182
2016-06-16,86326
2016-06-17,84786
2016-06-18,83027
2016-06-19,81479
2016-06-20,81726
2016-06-21,80362
2016-06-22,78896
2016-06-23,78133
2016-06-24,75881
2016-06-25,70066
2016-06-26,67906
2016-06-27,73239
2016-06-28,75192
2016-06-29,75949
2016-06-30,76477
2016-07-01,77692
2016-07-02,77897
2016-07-03,78215
2016-07-04,78478
2016-07-05,78768
2016-07-06,78999
2016-07-07,79090
2016-07-08,79640
2016-07-09,78931
2016-07-10,78768
2016-07-11,83212
2016-07-12,84909
2016-07-13,86087
2016-07-14,83022
2016-07-15,82440
2016-07-16,82204
2016-07-17,85036
2016-07-18,86260
2016-07-19,84701
2016-07-20,83343
2016-07-21,83164
2016-07-22,82723
2016-07-23,80272
2016-07-24,79928
2016-07-25,84986
2016-07-26,86805
2016-07-27,87252
2016-07-28,82584
2016-07-29,80856
2016-07-30,80247
2016-07-31,79296
2016-08-01,78139
2016-08-02,78305
2016-08-03,78209
2016-08-04,78476
2016-08-05,79108
2016-08-06,79053
2016-08-07,78915
2016-08-08,78418
2016-08-09,78730
2016-08-10,81730
2016-08-11,79563
2016-08-12,79400
2016-08-13,79223
2016-08-14,79323
2016-08-15,78991
2016-08-16,79139
2016-08-17,79456
2016-08-18,78146
2016-08-19,77331
2016-08-20,77293
2016-08-21,76449
2016-08-22,76296
2016-08-23,76364
2016-08-24,81368
2016-08-25,78978
2016-08-26,78107
2016-08-27,77779
2016-08-28,77447
2016-08-29,77692
2016-08-30,78162
2016-08-31,82345
2016-09-01,87425
2016-09-02,88676
2016-09-03,88948
2016-09-04,88870
2016-09-05,89571
2016-09-06,92150
2016-09-07,94106
2016-09-08,100188
2016-09-09,101876
2016-09-10,99257
2016-09-11,98496
2016-09-12,98939
2016-09-13,104349
2016-09-14,116838
2016-09-15,126172
2016-09-16,126278
2016-09-17,125949
2016-09-18,124655
2016-09-19,124851
2016-09-20,126293
2016-09-21,127621
2016-09-22,126647
2016-09-23,126851
2016-09-24,121001
2016-09-25,117801
2016-09-26,123528
2016-09-27,125982
2016-09-28,127409
2016-09-29,128348
2016-09-30,128783
2016-10-01,127671
2016-10-02,126275
2016-10-03,127987
2016-10-04,129613
2016-10-05,130617
2016-10-06,130655
2016-10-07,128928
2016-10-08,128049
2016-10-09,122581
2016-10-10,122006
2016-10-11,122694
2016-10-12,126377
2016-10-13,126145
2016-10-14,116884
2016-10-15,103042
2016-10-16,93386
2016-10-17,98337
2016-10-18,99728
2016-10-19,97948
2016-10-20,96127
2016-10-21,95741
2016-10-22,92051
2016-10-23,90411
2016-10-24,90266
2016-10-25,95661
2016-10-26,97444
2016-10-27,92154
2016-10-28,89461
2016-10-29,88010
2016-10-30,87411
2016-10-31,87098
2016-11-01,86670
2016-11-02,86192
2016-11-03,84236
2016-11-04,82887
2016-11-05,81762
2016-11-06,80811
2016-11-07,80519
2016-11-08,80125
2016-11-09,82722
2016-11-10,84378
2016-11-11,84492
2016-11-12,81387
2016-11-13,80876
2016-11-14,81270
2016-11-15,81556
2016-11-16,81599
2016-11-17,79075
2016-11-18,77957
2016-11-19,76799
2016-11-20,82062
2016-11-21,85728
2016-11-22,86021
2016-11-23,86950
2016-11-24,86430
2016-11-25,81258
2016-11-26,79513
2016-11-27,79115
2016-11-28,80016
2016-11-29,83272
2016-11-30,86362
2016-12-01,87280
2016-12-02,87664
2016-12-03,87848
2016-12-04,88200
2016-12-05,88645
2016-12-06,89181
2016-12-07,89785
2016-12-08,93370
2016-12-09,95216
2016-12-10,93418
2016-12-11,92532
2016-12-12,93193
2016-12-13,93448
2016-12-14,94242
2016-12-15,93929
2016-12-16,94393
2016-12-17,97743
2016-12-18,99075
2016-12-19,98453
2016-12-20,98792
2016-12-21,95147
2016-12-22,87904
2016-12-23,86981
2016-12-24,87146
2016-12-25,87658
2016-12-26,89035
2016-12-27,90835
2016-12-28,96414
2016-12-29,98915
2016-12-30,98671
2016-12-31,98713
2017-01-01,98711
2017-01-02,99612
2017-01-03,101083
2017-01-04,101432
2017-01-05,101512
2017-01-06,101633
2017-01-07,100872
2017-01-08,98422
2017-01-09,96743
2017-01-10,97347
2017-01-11,96371
2017-01-12,95543
2017-01-13,95512
2017-01-14,97309
2017-01-15,98488
2017-01-16,99874
2017-01-17,101230
2017-01-18,99801
2017-01-19,97793
2017-01-20,97050
2017-01-21,94890
2017-01-22,94838
2017-01-23,94337
2017-01-24,93379
2017-01-25,93206
2017-01-26,91914
2017-01-27,90632
2017-01-28,89555
2017-01-29,88920
2017-01-30,88596
2017-01-31,87172
2017-02-01,86973
2017-02-02,85998
2017-02-03,84116
2017-02-04,83301
2017-02-05,82820
2017-02-06,82831
2017-02-07,83408
2017-02-08,82751
2017-02-09,82997
2017-02-10,81986
2017-02-11,84750
2017-02-12,86092
2017-02-13,86605
2017-02-14,84258
2017-02-15,82952
2017-02-16,81306
2017-02-17,79735
2017-02-18,77437
2017-02-19,77745
2017-02-20,78715
2017-02-21,79193
2017-02-22,79099
2017-02-23,79320
2017-02-24,79318
2017-02-25,78949
2017-02-26,78681
2017-02-27,78656
2017-02-28,74207
2017-03-01,73505
2017-03-02,72996
2017-03-03,72481
2017-03-04,72602
2017-03-05,73017
2017-03-06,73774
2017-03-07,76164
2017-03-08,93817
2017-03-09,104828
2017-03-10,105375
2017-03-11,105319
2017-03-12,105300
2017-03-13,105584
2017-03-14,103493
2017-03-15,102482
2017-03-16,102102
2017-03-17,105781
2017-03-18,109076
2017-03-19,111187
2017-03-20,109823
2017-03-21,109152
2017-03-22,107752
2017-03-23,106772
2017-03-24,102618
2017-03-25,103166
2017-03-26,103261
2017-03-27,103474
2017-03-28,106122
2017-03-29,106514
2017-03-30,106421
2017-03-31,106344
2017-04-01,105591
2017-04-02,104622
2017-04-03,103939
2017-04-04,103067
2017-04-05,102241
2017-04-06,101659
2017-04-07,99293
2017-04-08,83244
2017-04-09,72437
2017-04-10,72706
2017-04-11,73005
2017-04-12,73367
2017-04-13,73318
2017-04-14,73242
2017-04-15,73018
2017-04-16,72909
2017-04-17,69121
2017-04-18,69045
2017-04-19,67297
2017-04-20,66060
2017-04-21,64651
2017-04-22,63886
2017-04-23,63211
2017-04-24,63283
2017-04-25,61828
2017-04-26,61398
2017-04-27,66759
2017-04-28,65951
2017-04-29,65660
2017-04-30,66079
2017-05-01,72799
2017-05-02,74307
2017-05-03,75465
2017-05-04,75826
2017-05-05,75782
2017-05-06,79566
2017-05-07,81443
2017-05-08,82784
2017-05-09,85343
2017-05-10,86103
2017-05-11,89629
2017-05-12,90646
2017-05-13,91284
2017-05-14,91980
2017-05-15,94676
2017-05-16,95347
2017-05-17,98214
2017-05-18,104674
2017-05-19,102948
2017-05-20,102554
2017-05-21,104803
2017-05-22,107409
2017-05-23,110204
2017-05-24,111523
2017-05-25,111620
2017-05-26,116062
2017-05-27,117089
2017-05-28,112347
2017-05-29,111346
2017-05-30,111549
2017-05-31,111849
2017-06-01,109296
2017-06-02,108974
2017-06-03,108349
2017-06-04,107896
2017-06-05,108440
2017-06-06,105200
2017-06-07,104186
2017-06-08,103423
2017-06-09,101278
2017-06-10,100227
2017-06-11,97839
2017-06-12,97089
2017-06-13,99342
2017-06-14,105920
2017-06-15,101209
2017-06-16,100508
2017-06-17,98127
2017-06-18,91704
2017-06-19,89649
2017-06-20,93763
2017-06-21,93431
2017-06-22,88379
2017-06-23,85350
2017-06-24,83927
2017-06-25,83168
2017-06-26,78365
2017-06-27,77160
2017-06-28,76953
2017-06-29,76365
2017-06-30,75649
2017-07-01,78226
2017-07-02,76138
2017-07-03,75711
2017-07-04,75683
2017-07-05,75831
2017-07-06,75677
2017-07-07,76345
2017-07-08,75767
2017-07-09,75567
2017-07-10,75583
2017-07-11,79929
2017-07-12,81365
2017-07-13,82129
2017-07-14,79514
2017-07-15,72253
2017-07-16,71877
2017-07-17,72184
2017-07-18,71126
2017-07-19,67842
2017-07-20,65346
2017-07-21,59008
