date,number_funded,amount_funded
2006-06-01,1,275
2006-06-02,2,1025
2006-06-03,4,1325
2006-06-04,4,1325
2006-06-05,4,1325
2006-06-06,13,5875
2006-06-07,18,8125
2006-06-08,19,10000
2006-06-09,21,11000
2006-06-10,21,11000
2006-06-11,22,11800
2006-06-12,23,11950
2006-06-13,28,13325
2006-06-14,30,13775
2006-06-15,57,30975
2006-06-16,60,32700
2006-06-17,60,32700
2006-06-18,62,33650
2006-06-19,63,34150
2006-06-20,63,34150
2006-06-21,63,34150
2006-06-22,64,34400
2006-06-23,65,34675
2006-06-24,66,34950
2006-06-25,68,35500
2006-06-26,70,36375
2006-06-27,74,39325
2006-06-28,77,41500
2006-06-29,76,41225
2006-06-30,78,42325
2006-07-01,78,42725
2006-07-02,84,46875
2006-07-03,88,48975
2006-07-04,85,50125
2006-07-05,83,48650
2006-07-06,85,48425
2006-07-07,84,47725
2006-07-08,85,48000
2006-07-09,84,47200
2006-07-10,86,48875
2006-07-11,84,48700
2006-07-12,83,49000
2006-07-13,58,32675
2006-07-14,57,31850
2006-07-15,58,32600
2006-07-16,56,31650
2006-07-17,56,31625
2006-07-18,56,31625
2006-07-19,57,32100
2006-07-20,57,32350
2006-07-21,58,32925
2006-07-22,60,34325
2006-07-23,66,40025
2006-07-24,66,40750
2006-07-25,68,40600
2006-07-26,76,46500
2006-07-27,86,49500
2006-07-28,90,50275
2006-07-29,96,54525
2006-07-30,93,51475
2006-07-31,94,52400
2006-08-01,89,46950
2006-08-02,96,48700
2006-08-03,102,51425
2006-08-04,106,54125
2006-08-05,105,53850
2006-08-06,108,55450
2006-08-07,106,54400
2006-08-08,106,55375
2006-08-09,110,57650
2006-08-10,113,60025
2006-08-11,113,59275
2006-08-12,115,60750
2006-08-13,115,60750
2006-08-14,117,62675
2006-08-15,117,62675
2006-08-16,120,64875
2006-08-17,122,65950
2006-08-18,124,66425
2006-08-19,123,66250
2006-08-20,117,61050
2006-08-21,117,60900
2006-08-22,111,58100
2006-08-23,101,50900
2006-08-24,93,49650
2006-08-25,91,48375
2006-08-26,84,44225
2006-08-27,83,44125
2006-08-28,82,43575
2006-08-29,86,46325
2006-08-30,77,43950
2006-08-31,69,40075
2006-09-01,68,40475
2006-09-02,72,43525
2006-09-03,70,42225
2006-09-04,73,43650
2006-09-05,73,43175
2006-09-06,72,42150
2006-09-07,68,39350
2006-09-08,70,40725
2006-09-09,71,41450
2006-09-10,73,42900
2006-09-11,71,40950
2006-09-12,75,43425
2006-09-13,71,40750
2006-09-14,74,42800
2006-09-15,72,42500
2006-09-16,72,42600
2006-09-17,76,46175
2006-09-18,74,44725
2006-09-19,76,45275
2006-09-20,78,44750
2006-09-21,84,44625
2006-09-22,80,43425
2006-09-23,85,44025
2006-09-24,84,43275
2006-09-25,84,43150
2006-09-26,81,41600
2006-09-27,81,41925
2006-09-28,83,42125
2006-09-29,84,41375
2006-09-30,87,42825
2006-10-01,90,46425
2006-10-02,87,44525
2006-10-03,86,43775
2006-10-04,86,43100
2006-10-05,86,43600
2006-10-06,86,42800
2006-10-07,83,40100
2006-10-08,88,44100
2006-10-09,89,45000
2006-10-10,92,45350
2006-10-11,96,47850
2006-10-12,91,44525
2006-10-13,92,44800
2006-10-14,95,45775
2006-10-15,94,44075
2006-10-16,103,48850
2006-10-17,105,50150
2006-10-18,111,54775
2006-10-19,108,55500
2006-10-20,108,56250
2006-10-21,103,55325
2006-10-22,106,59375
2006-10-23,103,57275
2006-10-24,102,56750
2006-10-25,106,58200
2006-10-26,110,59775
2006-10-27,113,61900
2006-10-28,110,58675
2006-10-29,111,56050
2006-10-30,113,58075
2006-10-31,120,61675
2006-11-01,125,62700
2006-11-02,124,61750
2006-11-03,151,72975
2006-11-04,235,115800
2006-11-05,349,177500
2006-11-06,396,200625
2006-11-07,438,227050
2006-11-08,457,238225
2006-11-09,468,242825
2006-11-10,488,256925
2006-11-11,505,268275
2006-11-12,514,275575
2006-11-13,524,286800
2006-11-14,542,298125
2006-11-15,554,306975
2006-11-16,564,316500
2006-11-17,579,327125
2006-11-18,596,338075
2006-11-19,623,347250
2006-11-20,642,363650
2006-11-21,670,383650
2006-11-22,675,387825
2006-11-23,690,402350
2006-11-24,706,414900
2006-11-25,713,421425
2006-11-26,727,435425
2006-11-27,744,445925
2006-11-28,749,452325
2006-11-29,755,462150
2006-11-30,774,479400
2006-12-01,765,484025
2006-12-02,699,455425
2006-12-03,603,408550
2006-12-04,576,393825
2006-12-05,558,383800
2006-12-06,564,387850
2006-12-07,577,401875
2006-12-08,578,407950
2006-12-09,589,412975
2006-12-10,607,419500
2006-12-11,629,425150
2006-12-12,641,436750
2006-12-13,653,446525
2006-12-14,656,448775
2006-12-15,678,457450
2006-12-16,683,464225
2006-12-17,688,482075
2006-12-18,706,491175
2006-12-19,717,507300
2006-12-20,734,529100
2006-12-21,771,554975
2006-12-22,806,580575
2006-12-23,838,600675
2006-12-24,884,630450
2006-12-25,903,660200
2006-12-26,933,676425
2006-12-27,959,702450
2006-12-28,992,730125
2006-12-29,1018,752575
2006-12-30,1053,778700
2006-12-31,1076,791125
2007-01-01,1092,803750
2007-01-02,1095,806125
2007-01-03,1092,813425
2007-01-04,1100,827450
2007-01-05,1112,834925
2007-01-06,1106,832300
2007-01-07,1101,830750
2007-01-08,1084,832950
2007-01-09,1073,830275
2007-01-10,1061,825825
2007-01-11,1061,828325
2007-01-12,1040,824750
2007-01-13,1036,824900
2007-01-14,1022,814275
2007-01-15,1004,804650
2007-01-16,991,789400
2007-01-17,994,781000
2007-01-18,956,753500
2007-01-19,911,715450
2007-01-20,882,700000
2007-01-21,854,687575
2007-01-22,839,665875
2007-01-23,837,672575
2007-01-24,820,653600
2007-01-25,795,627525
2007-01-26,766,600050
2007-01-27,740,575475
2007-01-28,724,565775
2007-01-29,711,558400
2007-01-30,694,547900
2007-01-31,694,537850
2007-02-01,699,529050
2007-02-02,691,517700
2007-02-03,684,514300
2007-02-04,682,517775
2007-02-05,674,505100
2007-02-06,676,498925
2007-02-07,677,492000
2007-02-08,677,487425
2007-02-09,681,483100
2007-02-10,689,480575
2007-02-11,690,475125
2007-02-12,693,474250
2007-02-13,682,466200
2007-02-14,675,463125
2007-02-15,678,462600
2007-02-16,681,468925
2007-02-17,683,466850
2007-02-18,660,445250
2007-02-19,657,442425
2007-02-20,642,428550
2007-02-21,647,434175
2007-02-22,651,433775
2007-02-23,661,439350
2007-02-24,662,435350
2007-02-25,654,428150
2007-02-26,648,425650
2007-02-27,655,433300
2007-02-28,660,442275
2007-03-01,650,433750
2007-03-02,644,429725
2007-03-03,644,429975
2007-03-04,640,427275
2007-03-05,650,432750
2007-03-06,653,435300
2007-03-07,689,460100
2007-03-08,707,468750
2007-03-09,748,487375
2007-03-10,759,503800
2007-03-11,764,510125
2007-03-12,770,518575
2007-03-13,823,538300
2007-03-14,852,567325
2007-03-15,859,574250
2007-03-16,943,617125
2007-03-17,970,635625
2007-03-18,995,649575
2007-03-19,1016,661775
2007-03-20,1069,696100
2007-03-21,1076,698750
2007-03-22,1082,699800
2007-03-23,1072,696550
2007-03-24,1073,710400
2007-03-25,1067,709350
2007-03-26,1083,718400
2007-03-27,1165,761650
2007-03-28,1304,863275
2007-03-29,1345,901200
2007-03-30,1393,936825
2007-03-31,1406,939825
2007-04-01,1418,944300
2007-04-02,1444,956900
2007-04-03,1452,962875
2007-04-04,1452,954575
2007-04-05,1475,964650
2007-04-06,1461,965925
2007-04-07,1461,954875
2007-04-08,1485,966675
2007-04-09,1497,969875
2007-04-10,1484,957975
2007-04-11,1757,1104625
2007-04-12,1923,1249050
2007-04-13,1953,1288300
2007-04-14,1994,1326300
2007-04-15,2035,1366175
2007-04-16,2096,1407825
2007-04-17,2078,1401500
2007-04-18,2106,1425800
2007-04-19,2131,1455975
2007-04-20,2155,1472000
2007-04-21,2166,1483200
2007-04-22,2194,1496125
2007-04-23,2237,1519750
2007-04-24,2189,1502925
2007-04-25,2082,1410175
2007-04-26,2091,1406625
2007-04-27,2082,1398000
2007-04-28,2096,1419825
2007-04-29,2109,1425275
2007-04-30,2119,1423075
2007-05-01,2129,1430375
2007-05-02,2129,1439975
2007-05-03,2127,1441625
2007-05-04,2135,1449100
2007-05-05,2144,1469300
2007-05-06,2138,1466275
2007-05-07,2147,1480025
2007-05-08,2149,1500600
2007-05-09,1869,1341700
2007-05-10,1710,1208000
2007-05-11,1626,1148825
2007-05-12,1583,1114750
2007-05-13,1545,1074625
2007-05-14,1481,1030025
2007-05-15,1454,1011150
2007-05-16,1445,989200
2007-05-17,1413,964775
2007-05-18,1417,965525
2007-05-19,1416,956325
2007-05-20,1419,963475
2007-05-21,1395,949800
2007-05-22,1390,938775
2007-05-23,1378,935450
2007-05-24,1361,915850
2007-05-25,1355,907900
2007-05-26,1337,890600
2007-05-27,1341,890200
2007-05-28,1339,899100
2007-05-29,1375,913975
2007-05-30,1435,945650
2007-05-31,1449,959025
2007-06-01,1442,946000
2007-06-02,1468,951325
2007-06-03,1506,974475
2007-06-04,1546,985350
2007-06-05,1570,989725
2007-06-06,1688,1062575
2007-06-07,1773,1114650
2007-06-08,1794,1120375
2007-06-09,1826,1142425
2007-06-10,1837,1160450
2007-06-11,1892,1199825
2007-06-12,1928,1216175
2007-06-13,1936,1227525
2007-06-14,1972,1244250
2007-06-15,1983,1253425
2007-06-16,2006,1258875
2007-06-17,2009,1259375
2007-06-18,2030,1279600
2007-06-19,2026,1279000
2007-06-20,2023,1282475
2007-06-21,2022,1293225
2007-06-22,2040,1311950
2007-06-23,2045,1315600
2007-06-24,2048,1325700
2007-06-25,2045,1329775
2007-06-26,2031,1322050
2007-06-27,1985,1290875
2007-06-28,1972,1283025
2007-06-29,2026,1303300
2007-06-30,2026,1287325
2007-07-01,2015,1271600
2007-07-02,1997,1261350
2007-07-03,1959,1244625
2007-07-04,1885,1203425
2007-07-05,1834,1169100
2007-07-06,1863,1190500
2007-07-07,1846,1174475
2007-07-08,1846,1167875
2007-07-09,1805,1138375
2007-07-10,1784,1126800
2007-07-11,1783,1127225
2007-07-12,1765,1118250
2007-07-13,1769,1114900
2007-07-14,1784,1142225
2007-07-15,1798,1156100
2007-07-16,1803,1152325
2007-07-17,1805,1151850
2007-07-18,1823,1154475
2007-07-19,1843,1163400
2007-07-20,1843,1156875
2007-07-21,1865,1167850
2007-07-22,1856,1157550
2007-07-23,1876,1155400
2007-07-24,1883,1157650
2007-07-25,1861,1151800
2007-07-26,1868,1149800
2007-07-27,1842,1149425
2007-07-28,1819,1139550
2007-07-29,1785,1123250
2007-07-30,1766,1113575
2007-07-31,1769,1115025
2007-08-01,1749,1085125
2007-08-02,1758,1074250
2007-08-03,1706,1041750
2007-08-04,1691,1026075
2007-08-05,1682,1020475
2007-08-06,1682,1017775
2007-08-07,1691,1026650
2007-08-08,1672,1015325
2007-08-09,1677,1015500
2007-08-10,1654,1003950
2007-08-11,1615,971475
2007-08-12,1583,945950
2007-08-13,1551,931825
2007-08-14,1561,935650
2007-08-15,1566,943400
2007-08-16,1533,922150
2007-08-17,1504,903625
2007-08-18,1506,900000
2007-08-19,1506,900325
2007-08-20,1464,886200
2007-08-21,1452,890225
2007-08-22,1497,921475
2007-08-23,1558,978300
2007-08-24,1533,970450
2007-08-25,1534,983050
2007-08-26,1539,989050
2007-08-27,1552,998300
2007-08-28,1568,1017800
2007-08-29,1596,1029975
2007-08-30,1570,1017525
2007-08-31,1604,1032300
2007-09-01,1631,1052050
2007-09-02,1687,1060425
2007-09-03,1781,1114550
2007-09-04,1817,1126450
2007-09-05,2072,1329775
2007-09-06,2136,1390075
2007-09-07,2156,1392300
2007-09-08,2145,1375550
2007-09-09,2128,1361725
2007-09-10,2095,1334350
2007-09-11,2143,1365300
2007-09-12,2141,1368125
2007-09-13,2178,1393075
2007-09-14,2204,1406100
2007-09-15,2204,1414150
2007-09-16,2198,1412350
2007-09-17,2221,1421475
2007-09-18,2231,1413950
2007-09-19,2218,1394400
2007-09-20,2175,1346400
2007-09-21,2196,1346800
2007-09-22,2226,1352950
2007-09-23,2261,1367600
2007-09-24,2260,1371725
2007-09-25,2317,1372425
2007-09-26,2346,1391075
2007-09-27,2423,1424250
2007-09-28,2521,1467600
2007-09-29,2599,1508400
2007-09-30,2598,1533000
2007-10-01,2555,1508400
2007-10-02,2592,1525125
2007-10-03,2365,1330150
2007-10-04,2317,1280500
2007-10-05,2352,1307175
2007-10-06,2390,1334250
2007-10-07,2440,1367100
2007-10-08,2521,1418125
2007-10-09,2492,1403525
2007-10-10,2507,1402950
2007-10-11,2507,1388825
2007-10-12,2512,1388950
2007-10-13,2559,1395675
2007-10-14,2574,1407750
2007-10-15,2588,1426925
2007-10-16,2610,1438525
2007-10-17,2607,1438100
2007-10-18,2608,1447600
2007-10-19,2625,1454375
2007-10-20,2651,1467450
2007-10-21,2674,1466125
2007-10-22,2727,1478575
2007-10-23,2709,1482875
2007-10-24,2697,1477825
2007-10-25,2636,1463475
2007-10-26,2553,1432875
2007-10-27,2489,1401150
2007-10-28,2484,1403075
2007-10-29,2501,1413600
2007-10-30,2435,1376375
2007-10-31,2438,1386850
2007-11-01,2478,1410500
2007-11-02,2474,1421375
2007-11-03,2492,1448250
2007-11-04,2486,1448050
2007-11-05,2496,1468225
2007-11-06,2502,1471750
2007-11-07,2483,1465900
2007-11-08,2495,1467250
2007-11-09,2491,1464200
2007-11-10,2463,1462825
2007-11-11,2486,1467025
2007-11-12,2491,1465775
2007-11-13,2460,1458775
2007-11-14,2445,1455225
2007-11-15,2461,1458350
2007-11-16,2454,1458075
2007-11-17,2430,1452450
2007-11-18,2420,1470850
2007-11-19,2398,1466100
2007-11-20,2383,1460275
2007-11-21,2352,1448125
2007-11-22,2391,1459075
2007-11-23,2554,1557700
2007-11-24,2677,1632625
2007-11-25,2731,1659775
2007-11-26,2717,1652200
2007-11-27,2795,1706575
2007-11-28,2832,1731625
2007-11-29,2873,1746800
2007-11-30,2894,1759300
2007-12-01,2895,1745550
2007-12-02,2921,1763000
2007-12-03,2922,1764900
2007-12-04,2947,1773650
2007-12-05,2984,1799200
2007-12-06,2987,1828325
2007-12-07,3026,1863775
2007-12-08,3069,1891650
2007-12-09,3097,1920325
2007-12-10,3109,1930025
2007-12-11,3132,1960350
2007-12-12,3201,1991300
2007-12-13,3226,2020325
2007-12-14,3270,2046250
2007-12-15,3295,2076775
2007-12-16,3310,2092300
2007-12-17,3339,2113075
2007-12-18,3425,2175125
2007-12-19,3513,2226450
2007-12-20,3538,2273525
2007-12-21,3450,2221425
2007-12-22,3416,2203200
2007-12-23,3355,2174050
2007-12-24,3358,2190400
2007-12-25,3380,2226525
2007-12-26,3450,2339625
2007-12-27,3502,2415075
2007-12-28,3535,2437900
2007-12-29,3592,2482300
2007-12-30,3548,2447900
2007-12-31,3551,2447900
2008-01-01,3677,2542400
2008-01-02,3798,2624475
2008-01-03,3893,2689900
2008-01-04,3930,2727700
2008-01-05,3855,2700650
2008-01-06,3771,2640900
2008-01-07,3699,2593675
2008-01-08,3662,2554825
2008-01-09,3592,2525600
2008-01-10,3581,2510425
2008-01-11,3545,2498200
2008-01-12,3571,2511550
2008-01-13,3537,2481475
2008-01-14,3469,2457225
2008-01-15,3420,2464225
2008-01-16,3414,2472100
2008-01-17,3432,2469350
2008-01-18,3404,2449875
2008-01-19,3356,2429075
2008-01-20,3401,2450000
2008-01-21,3419,2459650
2008-01-22,3358,2400825
2008-01-23,3291,2292800
2008-01-24,3207,2223425
2008-01-25,3181,2218350
2008-01-26,3201,2247700
2008-01-27,3348,2345775
2008-01-28,3422,2398625
2008-01-29,3346,2378800
2008-01-30,3241,2337600
2008-01-31,3223,2331175
2008-02-01,3261,2331225
2008-02-02,3338,2378025
2008-02-03,3448,2485025
2008-02-04,3560,2557200
2008-02-05,3620,2601925
2008-02-06,3669,2634025
2008-02-07,3674,2647025
2008-02-08,3701,2676875
2008-02-09,3664,2655700
2008-02-10,3706,2699775
2008-02-11,3753,2732350
2008-02-12,3754,2699825
2008-02-13,3705,2677600
2008-02-14,3649,2653950
2008-02-15,3622,2652275
2008-02-16,3598,2655550
2008-02-17,3576,2650100
2008-02-18,3563,2651600
2008-02-19,3573,2673500
2008-02-20,3538,2656300
2008-02-21,3511,2641400
2008-02-22,3509,2636800
2008-02-23,3451,2582950
2008-02-24,3376,2552775
2008-02-25,3301,2496675
2008-02-26,3266,2437100
2008-02-27,3266,2418900
2008-02-28,3211,2378750
2008-02-29,3157,2371575
2008-03-01,3183,2390825
2008-03-02,3179,2355075
2008-03-03,3190,2375775
2008-03-04,3244,2420375
2008-03-05,3262,2435575
2008-03-06,3323,2475450
2008-03-07,3322,2469350
2008-03-08,3349,2500075
2008-03-09,3371,2508100
2008-03-10,3444,2546275
2008-03-11,3405,2526850
2008-03-12,3400,2521975
2008-03-13,3394,2508475
2008-03-14,3391,2505500
2008-03-15,3411,2486700
2008-03-16,3386,2471100
2008-03-17,3373,2456375
2008-03-18,3376,2467875
2008-03-19,3391,2470825
2008-03-20,3413,2482225
2008-03-21,3386,2465750
2008-03-22,3390,2473400
2008-03-23,3387,2456125
2008-03-24,3395,2467975
2008-03-25,3374,2465325
2008-03-26,3367,2447300
2008-03-27,3370,2459950
2008-03-28,3342,2438225
2008-03-29,3301,2410425
2008-03-30,3271,2396075
2008-03-31,3267,2395450
2008-04-01,3212,2357650
2008-04-02,3174,2339300
2008-04-03,3117,2307325
2008-04-04,3129,2326450
2008-04-05,3140,2348725
2008-04-06,3133,2355950
2008-04-07,3070,2320850
2008-04-08,3117,2347625
2008-04-09,3161,2374575
2008-04-10,3187,2388075
2008-04-11,3192,2388100
2008-04-12,3156,2374825
2008-04-13,3212,2422625
2008-04-14,3216,2425700
2008-04-15,3189,2399900
2008-04-16,3224,2423925
2008-04-17,3228,2420375
2008-04-18,3267,2435825
2008-04-19,3265,2443525
2008-04-20,3257,2460050
2008-04-21,3264,2465350
2008-04-22,3313,2515775
2008-04-23,3332,2537225
2008-04-24,3371,2557050
2008-04-25,3405,2563675
2008-04-26,3407,2554850
2008-04-27,3484,2595450
2008-04-28,3499,2590875
2008-04-29,3536,2608200
2008-04-30,3565,2639450
2008-05-01,3567,2648325
2008-05-02,3582,2661150
2008-05-03,3560,2640675
2008-05-04,3529,2610125
2008-05-05,3534,2614650
2008-05-06,3521,2620525
2008-05-07,3491,2604700
2008-05-08,3517,2638000
2008-05-09,3581,2692150
2008-05-10,3653,2748675
2008-05-11,3676,2766850
2008-05-12,3745,2800350
2008-05-13,3789,2810700
2008-05-14,3781,2810325
2008-05-15,3780,2808575
2008-05-16,3747,2774550
2008-05-17,3766,2760950
2008-05-18,3798,2746600
2008-05-19,3831,2754800
2008-05-20,3793,2709050
2008-05-21,3781,2696700
2008-05-22,3719,2646025
2008-05-23,3708,2628700
2008-05-24,3739,2645575
2008-05-25,3697,2625800
2008-05-26,3681,2634825
2008-05-27,3705,2652325
2008-05-28,3749,2652950
2008-05-29,3781,2645875
2008-05-30,3770,2627675
2008-05-31,3813,2641700
2008-06-01,3841,2666875
2008-06-02,3854,2671700
2008-06-03,3880,2689675
2008-06-04,3855,2678700
2008-06-05,3816,2648650
2008-06-06,3798,2635450
2008-06-07,3763,2606550
2008-06-08,3726,2583625
2008-06-09,3704,2585150
2008-06-10,3712,2608300
2008-06-11,3724,2614925
2008-06-12,3722,2624575
2008-06-13,3755,2661725
2008-06-14,3717,2647350
2008-06-15,3686,2641675
2008-06-16,3659,2635350
2008-06-17,3669,2643300
2008-06-18,3673,2653425
2008-06-19,3691,2665450
2008-06-20,3692,2686550
2008-06-21,3651,2667250
2008-06-22,3626,2662425
2008-06-23,3616,2636925
2008-06-24,3565,2604250
2008-06-25,3483,2562725
2008-06-26,3498,2586350
2008-06-27,3487,2573825
2008-06-28,3433,2539750
2008-06-29,3395,2522600
2008-06-30,3379,2531475
2008-07-01,3357,2515700
2008-07-02,3358,2513025
2008-07-03,3369,2518675
2008-07-04,3308,2482275
2008-07-05,3285,2466650
2008-07-06,3281,2438300
2008-07-07,3266,2419425
2008-07-08,3215,2388025
2008-07-09,3206,2385225
2008-07-10,3213,2378400
2008-07-11,3196,2364675
2008-07-12,3242,2406850
2008-07-13,3261,2427825
2008-07-14,3263,2418775
2008-07-15,3264,2414500
2008-07-16,3249,2402500
2008-07-17,3246,2394075
2008-07-18,3241,2385600
2008-07-19,3250,2385500
2008-07-20,3259,2378100
2008-07-21,3272,2394725
2008-07-22,3259,2387500
2008-07-23,3298,2413700
2008-07-24,3259,2384550
2008-07-25,3262,2372900
2008-07-26,3288,2390275
2008-07-27,3340,2422075
2008-07-28,3376,2418525
2008-07-29,3375,2407425
2008-07-30,3385,2408125
2008-07-31,3359,2392150
2008-08-01,3361,2392850
2008-08-02,3372,2405100
2008-08-03,3352,2401275
2008-08-04,3344,2390900
2008-08-05,3369,2398775
2008-08-06,3365,2399675
2008-08-07,3357,2405650
2008-08-08,3362,2400975
2008-08-09,3337,2369100
2008-08-10,3312,2345025
2008-08-11,3285,2342600
2008-08-12,3268,2341600
2008-08-13,3259,2332325
2008-08-14,3227,2313575
2008-08-15,3193,2296125
2008-08-16,3169,2293350
2008-08-17,3180,2305975
2008-08-18,3191,2299075
2008-08-19,3190,2288050
2008-08-20,3200,2295550
2008-08-21,3219,2304150
2008-08-22,3182,2293975
2008-08-23,3147,2279350
2008-08-24,3106,2247200
2008-08-25,3087,2249050
2008-08-26,3064,2223075
2008-08-27,3041,2215450
2008-08-28,3063,2230350
2008-08-29,3352,2440575
2008-08-30,4321,3255725
2008-08-31,4469,3374875
2008-09-01,4753,3591775
2008-09-02,5066,3922100
2008-09-03,5088,3946100
2008-09-04,5148,3978900
2008-09-05,5198,4034250
2008-09-06,5324,4162350
2008-09-07,5418,4216950
2008-09-08,5424,4204675
2008-09-09,5413,4191825
2008-09-10,5421,4197650
2008-09-11,5427,4199725
2008-09-12,5409,4180025
2008-09-13,5496,4241475
2008-09-14,5454,4212975
2008-09-15,5383,4170350
2008-09-16,5453,4199550
2008-09-17,5485,4192775
2008-09-18,5473,4198200
2008-09-19,5579,4251550
2008-09-20,5636,4251675
2008-09-21,5645,4227475
2008-09-22,5609,4190825
2008-09-23,5658,4215375
2008-09-24,5691,4234300
2008-09-25,5726,4250700
2008-09-26,5486,4076300
2008-09-27,4478,3228200
2008-09-28,4326,3105100
2008-09-29,4018,2890925
2008-09-30,3721,2572450
2008-10-01,3840,2629200
2008-10-02,3896,2707725
2008-10-03,3967,2831700
2008-10-04,3813,2732525
2008-10-05,3713,2671250
2008-10-06,3721,2686475
2008-10-07,3785,2734675
2008-10-08,3858,2802175
2008-10-09,3906,2845550
2008-10-10,3969,2916600
2008-10-11,3934,2886775
2008-10-12,3945,2900625
2008-10-13,3981,2953850
2008-10-14,3898,2905025
2008-10-15,3937,2964350
2008-10-16,4028,3017250
2008-10-17,4055,3067000
2008-10-18,4070,3111850
2008-10-19,4121,3157600
2008-10-20,4222,3227425
2008-10-21,4230,3235025
2008-10-22,4274,3251600
2008-10-23,4311,3256600
2008-10-24,4365,3263325
2008-10-25,4471,3307850
2008-10-26,4490,3319500
2008-10-27,4540,3304725
2008-10-28,4558,3309375
2008-10-29,4433,3244300
2008-10-30,4326,3113100
2008-10-31,4242,2952500
2008-11-01,4362,2965550
2008-11-02,4393,2982500
2008-11-03,4424,3008550
2008-11-04,4342,2953925
2008-11-05,4238,2876675
2008-11-06,4195,2867700
2008-11-07,4189,2850050
2008-11-08,4156,2798425
2008-11-09,4193,2798550
2008-11-10,4195,2767100
2008-11-11,4236,2795200
2008-11-12,4190,2741450
2008-11-13,4093,2664675
2008-11-14,4009,2586450
2008-11-15,3998,2582050
2008-11-16,4034,2648375
2008-11-17,3960,2628375
2008-11-18,3889,2582650
2008-11-19,3885,2586925
2008-11-20,3803,2556125
2008-11-21,3692,2483000
2008-11-22,3628,2454525
2008-11-23,3639,2448175
2008-11-24,3599,2429050
2008-11-25,3596,2405450
2008-11-26,3609,2372050
2008-11-27,3583,2358050
2008-11-28,3533,2317725
2008-11-29,3481,2289950
2008-11-30,3496,2285050
2008-12-01,3477,2241300
2008-12-02,3508,2233825
2008-12-03,3550,2232000
2008-12-04,3552,2187800
2008-12-05,3531,2144825
2008-12-06,3537,2159875
2008-12-07,3521,2149375
2008-12-08,3529,2158900
2008-12-09,3551,2177800
2008-12-10,3653,2240975
2008-12-11,3721,2284925
2008-12-12,3741,2281525
2008-12-13,3733,2240575
2008-12-14,3650,2148325
2008-12-15,3688,2157300
2008-12-16,4068,2426875
2008-12-17,4295,2616125
2008-12-18,4457,2735000
2008-12-19,4657,2922325
2008-12-20,4824,3037475
2008-12-21,4920,3122625
2008-12-22,5072,3270350
2008-12-23,5140,3359800
2008-12-24,5216,3474475
2008-12-25,5313,3609150
2008-12-26,5378,3738275
2008-12-27,5365,3811675
2008-12-28,5258,3783275
2008-12-29,5175,3746725
2008-12-30,5144,3751450
2008-12-31,5078,3726450
2009-01-01,5202,3770300
2009-01-02,5288,3836200
2009-01-03,5361,3889975
2009-01-04,5404,3947050
2009-01-05,5435,3972175
2009-01-06,5418,3972175
2009-01-07,5282,3903125
2009-01-08,5200,3856275
2009-01-09,5160,3837575
2009-01-10,5211,3880025
2009-01-11,5323,3953050
2009-01-12,5313,3971775
2009-01-13,5048,3785800
2009-01-14,4763,3552625
2009-01-15,4633,3451525
2009-01-16,4592,3433550
2009-01-17,4474,3403025
2009-01-18,4443,3395175
2009-01-19,4326,3296550
2009-01-20,4252,3240175
2009-01-21,4148,3148875
2009-01-22,4114,3086075
2009-01-23,4110,2998775
2009-01-24,4093,2934975
2009-01-25,4143,2931400
2009-01-26,4185,2980625
2009-01-27,4258,3026725
2009-01-28,4347,3090075
2009-01-29,4260,3102675
2009-01-30,4206,3074300
2009-01-31,4152,3048275
2009-02-01,4211,3027850
2009-02-02,4282,3051925
2009-02-03,4350,3079900
2009-02-04,4403,3104125
2009-02-05,4435,3121725
2009-02-06,4503,3178575
2009-02-07,4507,3176875
2009-02-08,4504,3175225
2009-02-09,4573,3193175
2009-02-10,4538,3172075
2009-02-11,4603,3200200
2009-02-12,4622,3208325
2009-02-13,4532,3081175
2009-02-14,4523,3018700
2009-02-15,4567,3085600
2009-02-16,4634,3208200
2009-02-17,4710,3229725
2009-02-18,4825,3309850
2009-02-19,4932,3373875
2009-02-20,5060,3476975
2009-02-21,5140,3519525
2009-02-22,5273,3596475
2009-02-23,5411,3643825
2009-02-24,5425,3649750
2009-02-25,5487,3684900
2009-02-26,5600,3735700
2009-02-27,5636,3770825
2009-02-28,5646,3797375
2009-03-01,5674,3828875
2009-03-02,5709,3882050
2009-03-03,5671,3856550
2009-03-04,5717,3872575
2009-03-05,5824,3944925
2009-03-06,5820,3946650
2009-03-07,5903,4011675
2009-03-08,5860,3995050
2009-03-09,5798,3976650
2009-03-10,5787,3986375
2009-03-11,5775,3997850
2009-03-12,5742,3965150
2009-03-13,5710,3956975
2009-03-14,5704,3950150
2009-03-15,5659,3869350
2009-03-16,5694,3861000
2009-03-17,5693,3912350
2009-03-18,5667,3929250
2009-03-19,5610,3900275
2009-03-20,5412,3748300
2009-03-21,5317,3667725
2009-03-22,5615,3926200
2009-03-23,5780,4056450
2009-03-24,5856,4092375
2009-03-25,5796,4055200
2009-03-26,5747,4048775
2009-03-27,5744,4039625
2009-03-28,5766,4015500
2009-03-29,5599,3949875
2009-03-30,5468,3864600
2009-03-31,5438,3859900
2009-04-01,5415,3813725
2009-04-02,5392,3795175
2009-04-03,5393,3761475
2009-04-04,5239,3649100
2009-04-05,5207,3617600
2009-04-06,5216,3567900
2009-04-07,5201,3536600
2009-04-08,5294,3598425
2009-04-09,5373,3673200
2009-04-10,5441,3711600
2009-04-11,5475,3739300
2009-04-12,5400,3686400
2009-04-13,5302,3573325
2009-04-14,5199,3454575
2009-04-15,5231,3412475
2009-04-16,5405,3519875
2009-04-17,5642,3723550
2009-04-18,5900,3919525
2009-04-19,5735,3909200
2009-04-20,5634,3889200
2009-04-21,5784,4030325
2009-04-22,6013,4205275
2009-04-23,6040,4203300
2009-04-24,6051,4226250
2009-04-25,6057,4250600
2009-04-26,6125,4289600
2009-04-27,6142,4269550
2009-04-28,6178,4264600
2009-04-29,6137,4284300
2009-04-30,6028,4208775
2009-05-01,6037,4212825
2009-05-02,6149,4274575
2009-05-03,6156,4273175
2009-05-04,6123,4256200
2009-05-05,6143,4261825
2009-05-06,6078,4209575
2009-05-07,6060,4199875
2009-05-08,6025,4176250
2009-05-09,5982,4141475
2009-05-10,6033,4167225
2009-05-11,6004,4140225
2009-05-12,6033,4158600
2009-05-13,5935,4085275
2009-05-14,5682,3890900
2009-05-15,5573,3785300
2009-05-16,5547,3783825
2009-05-17,5465,3628550
2009-05-18,5513,3653300
2009-05-19,5459,3576500
2009-05-20,5417,3565075
2009-05-21,5535,3667450
2009-05-22,5685,3775150
2009-05-23,5803,3866000
2009-05-24,5990,4000675
2009-05-25,6072,4082575
2009-05-26,6135,4161475
2009-05-27,6180,4184000
2009-05-28,6252,4208925
2009-05-29,6266,4243725
2009-05-30,6185,4203125
2009-05-31,6177,4206500
2009-06-01,6249,4226575
2009-06-02,6258,4212925
2009-06-03,6211,4181225
2009-06-04,6184,4124450
2009-06-05,6158,4108225
2009-06-06,6153,4101700
2009-06-07,6097,4063875
2009-06-08,6082,4044625
2009-06-09,6072,4037725
2009-06-10,6092,4043500
2009-06-11,6144,4083350
2009-06-12,6109,4088525
2009-06-13,5891,3919750
2009-06-14,5740,3787625
2009-06-15,5610,3680625
2009-06-16,5719,3780500
2009-06-17,5716,3743400
2009-06-18,5617,3670775
2009-06-19,5581,3659525
2009-06-20,5765,3835075
2009-06-21,5781,3903925
2009-06-22,6010,4075425
2009-06-23,6095,4140250
2009-06-24,6270,4264175
2009-06-25,6280,4309950
2009-06-26,6339,4352050
2009-06-27,6408,4397350
2009-06-28,6403,4411400
2009-06-29,6368,4461075
2009-06-30,6335,4478350
2009-07-01,6388,4512450
2009-07-02,6386,4525425
2009-07-03,6385,4510375
2009-07-04,6370,4513625
2009-07-05,6346,4508225
2009-07-06,6365,4531975
2009-07-07,6382,4571925
2009-07-08,6376,4584750
2009-07-09,6309,4545050
2009-07-10,6236,4472950
2009-07-11,6352,4572850
2009-07-12,6417,4636450
2009-07-13,6362,4603475
2009-07-14,6032,4350050
2009-07-15,5923,4263250
2009-07-16,6017,4347400
2009-07-17,6047,4339025
2009-07-18,5789,4097000
2009-07-19,5752,4009325
2009-07-20,5675,3981075
2009-07-21,5665,3940750
2009-07-22,5567,3928100
2009-07-23,5569,3937325
2009-07-24,5553,3966000
2009-07-25,5525,3968325
2009-07-26,5569,4043075
2009-07-27,5641,4104275
2009-07-28,5698,4156350
2009-07-29,5671,4162850
2009-07-30,5649,4163050
2009-07-31,5636,4173025
2009-08-01,5684,4190950
2009-08-02,5738,4194550
2009-08-03,5735,4193750
2009-08-04,5735,4168025
2009-08-05,5707,4152375
2009-08-06,5715,4154350
2009-08-07,5763,4184400
2009-08-08,5801,4212175
2009-08-09,5764,4188275
2009-08-10,5781,4157250
2009-08-11,5767,4184400
2009-08-12,5646,4116100
2009-08-13,5424,3916850
2009-08-14,5217,3762900
2009-08-15,5288,3791700
2009-08-16,5252,3805875
2009-08-17,5168,3742675
2009-08-18,5119,3747175
2009-08-19,5126,3681800
2009-08-20,5208,3737200
2009-08-21,5236,3722800
2009-08-22,5363,3838875
2009-08-23,5489,3912650
2009-08-24,5612,4005700
2009-08-25,5764,4083100
2009-08-26,5875,4209075
2009-08-27,6008,4292125
2009-08-28,6133,4395550
2009-08-29,6152,4451075
2009-08-30,6194,4577350
2009-08-31,6270,4699125
2009-09-01,6300,4706600
2009-09-02,6348,4711050
2009-09-03,6384,4720300
2009-09-04,6373,4691300
2009-09-05,6381,4661600
2009-09-06,6394,4637450
2009-09-07,6361,4637050
2009-09-08,6422,4642425
2009-09-09,6469,4646500
2009-09-10,6505,4659050
2009-09-11,6526,4645625
2009-09-12,6343,4535600
2009-09-13,6167,4379350
2009-09-14,6025,4224600
2009-09-15,6003,4204775
2009-09-16,6018,4264600
2009-09-17,5990,4221775
2009-09-18,5955,4182775
2009-09-19,5885,4090675
2009-09-20,5832,4055675
2009-09-21,5694,3969325
2009-09-22,5677,3968600
2009-09-23,5668,3914975
2009-09-24,5682,3937800
2009-09-25,5745,3919875
2009-09-26,5798,3916450
2009-09-27,5909,3984275
2009-09-28,6021,3981025
2009-09-29,6118,4062275
2009-09-30,6215,4173125
2009-10-01,6354,4259275
2009-10-02,6456,4349000
2009-10-03,6481,4401325
2009-10-04,6524,4477150
2009-10-05,6549,4503950
2009-10-06,6532,4494450
2009-10-07,6568,4538825
2009-10-08,6583,4554250
2009-10-09,6576,4560500
2009-10-10,6591,4569875
2009-10-11,6624,4588925
2009-10-12,6658,4620950
2009-10-13,6562,4517075
2009-10-14,6434,4377900
2009-10-15,6494,4401675
2009-10-16,6667,4556900
2009-10-17,6741,4669400
2009-10-18,6738,4677275
2009-10-19,6827,4719400
2009-10-20,6887,4800075
2009-10-21,6881,4794200
2009-10-22,6931,4814300
2009-10-23,6932,4860875
2009-10-24,7005,4942125
2009-10-25,7065,4920300
2009-10-26,7116,5006650
2009-10-27,7127,5022650
2009-10-28,7129,5026425
2009-10-29,7123,5039850
2009-10-30,7101,5019125
2009-10-31,7026,4971100
2009-11-01,7081,4960825
2009-11-02,7126,4981700
2009-11-03,7227,5079500
2009-11-04,7250,5099925
2009-11-05,7255,5100450
2009-11-06,7429,5231525
2009-11-07,7473,5271025
2009-11-08,7517,5279425
2009-11-09,7519,5267625
2009-11-10,7483,5268375
2009-11-11,7438,5247175
2009-11-12,7222,5120575
2009-11-13,6957,4884025
2009-11-14,6764,4665050
2009-11-15,6796,4595725
2009-11-16,6984,4695200
2009-11-17,6941,4607525
2009-11-18,7006,4643700
2009-11-19,6957,4591100
2009-11-20,6944,4596300
2009-11-21,6914,4558225
2009-11-22,6838,4535350
2009-11-23,6816,4492025
2009-11-24,6830,4496175
2009-11-25,6898,4549425
2009-11-26,6889,4559925
2009-11-27,6894,4587250
2009-11-28,6943,4625625
2009-11-29,6931,4701100
2009-11-30,6981,4827800
2009-12-01,7070,4844925
2009-12-02,7237,4941100
2009-12-03,7352,5046375
2009-12-04,7218,4965975
2009-12-05,7234,4960450
2009-12-06,7236,4958300
2009-12-07,7247,4984175
2009-12-08,7285,5018900
2009-12-09,7398,5095350
2009-12-10,7544,5206750
2009-12-11,7664,5341475
2009-12-12,7690,5392225
2009-12-13,7591,5354450
2009-12-14,7282,5141775
2009-12-15,7376,5247850
2009-12-16,7466,5377275
2009-12-17,7587,5515375
2009-12-18,7624,5532125
2009-12-19,7625,5532325
2009-12-20,7709,5645950
2009-12-21,7776,5746550
2009-12-22,7788,5785075
2009-12-23,7862,5841075
2009-12-24,8058,6062000
2009-12-25,8205,6277675
2009-12-26,8219,6403775
2009-12-27,8225,6487675
2009-12-28,8236,6516200
2009-12-29,8163,6599725
2009-12-30,7916,6460675
2009-12-31,7685,6312850
2010-01-01,7831,6330425
2010-01-02,7988,6458150
2010-01-03,8117,6615775
2010-01-04,8187,6685200
2010-01-05,8239,6743200
2010-01-06,8192,6737725
2010-01-07,8101,6680600
2010-01-08,7977,6583425
2010-01-09,7954,6580950
2010-01-10,7888,6575125
2010-01-11,7816,6540875
2010-01-12,7495,6301425
2010-01-13,7221,6040450
2010-01-14,7016,5867400
2010-01-15,7105,5961325
2010-01-16,7449,6451325
2010-01-17,7201,6351475
2010-01-18,7067,6178475
2010-01-19,7007,6134675
2010-01-20,6847,6058925
2010-01-21,6696,5890625
2010-01-22,6629,5714000
2010-01-23,6580,5560775
2010-01-24,6449,5318950
2010-01-25,6391,5157600
2010-01-26,6269,4984450
2010-01-27,6410,5045875
2010-01-28,6598,5162375
2010-01-29,6525,5189000
2010-01-30,6399,5083425
2010-01-31,6134,4856350
2010-02-01,6149,4826250
2010-02-02,6231,4863950
2010-02-03,6309,4914125
2010-02-04,6372,4959275
2010-02-05,6392,4974025
2010-02-06,6402,4953725
2010-02-07,6442,4957900
2010-02-08,6500,4987775
2010-02-09,6624,5123125
2010-02-10,6687,5176375
2010-02-11,6689,5181625
2010-02-12,6440,4964875
2010-02-13,5948,4364950
2010-02-14,5954,4213700
2010-02-15,6016,4361375
2010-02-16,6145,4512825
2010-02-17,6126,4493975
2010-02-18,6018,4462150
2010-02-19,5937,4406475
2010-02-20,5920,4349425
2010-02-21,6142,4528800
2010-02-22,6227,4653275
2010-02-23,6333,4721825
2010-02-24,6373,4770400
2010-02-25,6438,4781875
2010-02-26,6543,4856525
2010-02-27,6655,4925800
2010-02-28,7001,5132750
2010-03-01,7117,5228500
2010-03-02,7161,5236200
2010-03-03,7143,5215600
2010-03-04,7191,5241050
2010-03-05,7206,5231650
2010-03-06,7202,5262175
2010-03-07,7199,5257325
2010-03-08,7193,5262400
2010-03-09,7261,5279100
2010-03-10,7197,5236125
2010-03-11,7144,5192475
2010-03-12,7107,5186950
2010-03-13,7097,5192450
2010-03-14,7077,5182075
2010-03-15,7094,5190975
2010-03-16,7126,5227350
2010-03-17,7172,5225625
2010-03-18,7280,5272375
2010-03-19,7289,5307725
2010-03-20,7229,5293550
2010-03-21,7164,5273100
2010-03-22,7076,5178625
2010-03-23,7061,5177225
2010-03-24,6986,5122750
2010-03-25,6934,5143625
2010-03-26,6833,5073975
2010-03-27,6722,5049475
2010-03-28,6591,5032775
2010-03-29,6484,5007825
2010-03-30,6362,4905000
2010-03-31,6317,4885350
2010-04-01,6275,4839225
2010-04-02,6387,4917450
2010-04-03,6440,4944200
2010-04-04,6418,4916500
2010-04-05,6523,5009475
2010-04-06,6439,4937975
2010-04-07,6439,4933875
2010-04-08,6419,4939675
2010-04-09,6435,4926025
2010-04-10,6452,4951750
2010-04-11,6492,4997850
2010-04-12,6264,4757700
2010-04-13,5982,4476375
2010-04-14,5879,4413100
2010-04-15,5896,4459800
2010-04-16,6140,4713375
2010-04-17,6295,4842275
2010-04-18,6294,4808825
2010-04-19,6359,4863775
2010-04-20,6367,4893725
2010-04-21,6362,4916650
2010-04-22,6382,4927525
2010-04-23,6356,4924475
2010-04-24,6397,4917525
2010-04-25,6399,4883375
2010-04-26,6399,4892900
2010-04-27,6490,5015275
2010-04-28,6528,5052775
2010-04-29,6560,5132825
2010-04-30,6448,5104650
2010-05-01,6447,5079000
2010-05-02,6569,5186850
2010-05-03,6556,5173400
2010-05-04,6513,5143100
2010-05-05,6564,5169900
2010-05-06,6608,5186500
2010-05-07,6581,5184900
2010-05-08,6607,5201275
2010-05-09,6598,5202700
2010-05-10,6600,5205775
2010-05-11,6596,5202350
2010-05-12,6511,5114025
2010-05-13,6276,4892975
2010-05-14,5880,4524400
2010-05-15,5857,4576025
2010-05-16,5908,4677100
2010-05-17,5940,4750700
2010-05-18,5997,4812175
2010-05-19,6070,4908775
2010-05-20,5982,4864100
2010-05-21,5945,4844875
2010-05-22,5914,4847875
2010-05-23,5905,4854000
2010-05-24,5844,4799725
2010-05-25,5792,4737650
2010-05-26,5782,4726650
2010-05-27,5782,4681025
2010-05-28,5836,4678450
2010-05-29,5869,4729125
2010-05-30,5778,4675525
2010-05-31,5698,4610300
2010-06-01,5678,4584850
2010-06-02,5684,4597675
2010-06-03,5753,4661800
2010-06-04,5794,4694625
2010-06-05,5761,4665950
2010-06-06,5827,4705000
2010-06-07,5852,4712875
2010-06-08,5872,4742100
2010-06-09,6048,4893575
2010-06-10,6083,4896125
2010-06-11,6144,4915350
2010-06-12,5944,4688850
2010-06-13,5731,4463300
2010-06-14,5530,4239550
2010-06-15,5638,4330250
2010-06-16,5766,4430300
2010-06-17,5931,4576850
2010-06-18,5992,4624775
2010-06-19,5946,4594300
2010-06-20,5876,4555425
2010-06-21,5818,4506725
2010-06-22,5884,4598675
2010-06-23,5885,4601300
2010-06-24,5875,4593200
2010-06-25,5990,4699675
2010-06-26,6043,4738900
2010-06-27,6179,4875750
2010-06-28,6274,5005475
2010-06-29,6358,5119375
2010-06-30,6452,5269225
2010-07-01,6502,5257300
2010-07-02,6570,5250250
2010-07-03,6694,5308350
2010-07-04,6753,5299325
2010-07-05,6842,5343200
2010-07-06,6980,5404400
2010-07-07,6870,5306425
2010-07-08,7075,5467050
2010-07-09,7212,5562725
2010-07-10,7337,5625525
2010-07-11,7381,5658450
2010-07-12,7454,5698775
2010-07-13,7174,5414475
2010-07-14,6894,5129225
2010-07-15,6938,5171000
2010-07-16,7081,5291000
2010-07-17,7206,5373650
2010-07-18,7302,5450800
2010-07-19,7426,5548975
2010-07-20,7333,5435600
2010-07-21,7324,5416625
2010-07-22,7402,5533450
2010-07-23,7424,5536600
2010-07-24,7399,5488850
2010-07-25,7291,5371150
2010-07-26,7314,5377250
2010-07-27,7343,5397275
2010-07-28,7268,5297550
2010-07-29,7226,5340975
2010-07-30,7213,5418000
2010-07-31,7068,5371075
2010-08-01,6997,5305025
2010-08-02,6973,5279475
2010-08-03,6986,5280800
2010-08-04,7086,5320000
2010-08-05,6952,5188125
2010-08-06,6882,5131625
2010-08-07,6808,5082675
2010-08-08,6807,5080900
2010-08-09,6789,5077175
2010-08-10,6790,5084200
2010-08-11,6819,5092275
2010-08-12,6560,4839200
2010-08-13,6291,4603800
2010-08-14,6259,4602025
2010-08-15,6410,4760650
2010-08-16,6711,5094300
2010-08-17,6906,5279900
2010-08-18,7036,5362550
2010-08-19,6996,5256700
2010-08-20,6866,5154275
2010-08-21,6823,5122825
2010-08-22,6921,5131500
2010-08-23,6907,5066700
2010-08-24,6948,5061125
2010-08-25,6978,5063650
2010-08-26,7023,5050150
2010-08-27,7015,5002975
2010-08-28,7159,5087350
2010-08-29,7169,5180200
2010-08-30,7209,5323450
2010-08-31,7136,5290650
2010-09-01,7087,5257375
2010-09-02,7108,5272350
2010-09-03,7154,5315800
2010-09-04,7274,5393275
2010-09-05,7334,5425925
2010-09-06,7375,5457000
2010-09-07,7515,5551275
2010-09-08,7542,5573575
2010-09-09,7543,5585150
2010-09-10,7572,5589725
2010-09-11,7434,5458050
2010-09-12,7147,5160075
2010-09-13,6693,4673925
2010-09-14,6432,4428850
2010-09-15,6608,4671725
2010-09-16,6825,4950725
2010-09-17,6966,5092550
2010-09-18,7019,5196475
2010-09-19,7046,5297750
2010-09-20,7097,5313250
2010-09-21,7080,5279075
2010-09-22,7268,5436375
2010-09-23,7223,5440250
2010-09-24,7247,5463800
2010-09-25,7174,5404650
2010-09-26,7236,5441875
2010-09-27,7225,5408825
2010-09-28,7313,5494800
2010-09-29,7332,5540000
2010-09-30,7299,5548500
2010-10-01,7277,5537700
2010-10-02,7194,5478925
2010-10-03,7163,5458100
2010-10-04,7255,5549925
2010-10-05,7242,5572950
2010-10-06,7220,5596100
2010-10-07,7301,5665800
2010-10-08,7377,5748625
2010-10-09,7481,5813425
2010-10-10,7518,5860025
2010-10-11,7575,5916150
2010-10-12,7593,5932275
2010-10-13,7177,5525075
2010-10-14,6833,5168425
2010-10-15,6874,5245500
2010-10-16,7121,5458150
2010-10-17,7187,5523100
2010-10-18,7262,5613800
2010-10-19,7360,5703975
2010-10-20,7183,5542950
2010-10-21,7156,5506350
2010-10-22,7140,5469000
2010-10-23,7225,5538475
2010-10-24,7274,5558750
2010-10-25,7313,5520425
2010-10-26,7288,5489175
2010-10-27,7383,5551800
2010-10-28,7456,5611975
2010-10-29,7500,5645550
2010-10-30,7764,5857075
2010-10-31,7877,5931050
2010-11-01,7843,5890850
2010-11-02,7778,5836700
2010-11-03,7737,5803500
2010-11-04,7709,5781225
2010-11-05,7681,5761225
2010-11-06,7617,5726700
2010-11-07,7664,5785425
2010-11-08,7667,5800625
2010-11-09,7666,5802375
2010-11-10,7695,5825700
2010-11-11,7678,5813050
2010-11-12,7432,5545000
2010-11-13,7065,5180200
2010-11-14,6836,4964325
2010-11-15,6870,5016750
2010-11-16,7124,5315550
2010-11-17,7248,5431925
2010-11-18,7401,5584900
2010-11-19,7492,5680050
2010-11-20,7672,5830300
2010-11-21,7696,5890700
2010-11-22,7784,6003500
2010-11-23,7810,6019200
2010-11-24,7822,6014675
2010-11-25,7854,6051900
2010-11-26,7852,6090450
2010-11-27,7764,6024800
2010-11-28,7745,6046550
2010-11-29,7839,6176825
2010-11-30,7924,6240750
2010-12-01,8171,6367025
2010-12-02,8184,6336475
2010-12-03,8184,6310350
2010-12-04,8193,6300275
2010-12-05,8226,6300650
2010-12-06,8250,6315325
2010-12-07,8325,6385875
2010-12-08,8356,6408125
2010-12-09,8371,6449550
2010-12-10,8352,6460300
2010-12-11,8350,6490575
2010-12-12,8340,6460875
2010-12-13,8033,6184025
2010-12-14,7553,5702875
2010-12-15,7626,5770900
2010-12-16,7927,6029600
2010-12-17,8278,6362475
2010-12-18,8319,6409375
2010-12-19,8395,6486250
2010-12-20,8440,6533625
2010-12-21,8565,6690175
2010-12-22,8747,6922775
2010-12-23,8778,6965900
2010-12-24,8880,7136475
2010-12-25,8857,7234300
2010-12-26,8836,7302300
2010-12-27,8739,7279075
2010-12-28,8678,7256700
2010-12-29,8374,7089500
2010-12-30,8249,7061675
2010-12-31,8148,7045075
2011-01-01,8269,7089825
2011-01-02,8323,7107775
2011-01-03,8359,7146300
2011-01-04,8365,7172275
2011-01-05,8399,7230925
2011-01-06,8466,7291050
2011-01-07,8499,7344250
2011-01-08,8528,7404425
2011-01-09,8497,7436275
2011-01-10,8531,7500375
2011-01-11,8526,7504075
2011-01-12,8296,7317425
2011-01-13,7778,6874175
2011-01-14,7257,6431475
2011-01-15,7135,6421725
2011-01-16,7200,6678975
2011-01-17,7116,6704700
2011-01-18,6999,6612875
2011-01-19,6820,6429125
2011-01-20,6842,6446050
2011-01-21,6819,6324700
2011-01-22,6671,6123750
2011-01-23,6504,5917350
2011-01-24,6516,5809600
2011-01-25,6569,5806475
2011-01-26,6725,5905025
2011-01-27,6907,5967125
2011-01-28,7102,6067475
2011-01-29,6954,6030300
2011-01-30,6716,5870375
2011-01-31,6617,5751125
2011-02-01,6693,5725575
2011-02-02,6798,5757150
2011-02-03,6738,5683200
2011-02-04,6777,5661775
2011-02-05,6834,5655225
2011-02-06,6965,5729500
2011-02-07,6987,5725025
2011-02-08,7042,5780575
2011-02-09,6976,5711325
2011-02-10,6983,5695800
2011-02-11,6986,5676775
2011-02-12,6871,5495750
2011-02-13,6567,5006675
2011-02-14,6387,4725825
2011-02-15,6232,4541450
2011-02-16,6607,4936200
2011-02-17,6701,5031425
2011-02-18,6732,5075050
2011-02-19,6876,5238725
2011-02-20,7053,5419000
2011-02-21,7150,5585225
2011-02-22,7252,5702950
2011-02-23,7290,5722950
2011-02-24,7244,5728825
2011-02-25,7233,5731700
2011-02-26,7649,6289975
2011-02-27,7647,6335100
2011-02-28,7544,6275575
2011-03-01,7674,6417350
2011-03-02,7724,6495525
2011-03-03,7783,6547300
2011-03-04,7747,6510550
2011-03-05,7730,6476550
2011-03-06,7696,6435175
2011-03-07,7745,6477200
2011-03-08,7743,6468225
2011-03-09,7945,6663450
2011-03-10,7998,6710250
2011-03-11,8014,6713275
2011-03-12,7943,6632225
2011-03-13,7919,6596900
2011-03-14,7922,6621325
2011-03-15,8191,6872875
2011-03-16,7904,6560050
2011-03-17,7764,6433125
2011-03-18,7585,6286700
2011-03-19,7469,6130075
2011-03-20,7437,6072750
2011-03-21,7371,5973700
2011-03-22,7373,5986325
2011-03-23,7408,6053000
2011-03-24,7532,6195400
2011-03-25,7652,6284050
2011-03-26,7476,5925100
2011-03-27,7648,6045550
2011-03-28,7905,6289000
2011-03-29,7698,6190775
2011-03-30,7535,6053750
2011-03-31,7522,6036175
2011-04-01,7554,6054500
2011-04-02,7658,6176700
2011-04-03,7696,6207925
2011-04-04,7643,6224700
2011-04-05,7619,6200325
2011-04-06,7442,6006325
2011-04-07,7429,6001600
2011-04-08,7420,6019450
2011-04-09,7395,6019175
2011-04-10,7404,6048400
2011-04-11,7374,6042825
2011-04-12,7065,5769600
2011-04-13,6733,5487550
2011-04-14,6525,5281250
2011-04-15,6843,5588425
2011-04-16,7076,5837200
2011-04-17,7222,5985750
2011-04-18,7273,6076550
2011-04-19,7225,6052325
2011-04-20,7248,6096875
2011-04-21,7309,6126725
2011-04-22,7489,6286050
2011-04-23,7434,6236300
2011-04-24,7467,6241325
2011-04-25,7400,6197375
2011-04-26,7467,6258800
2011-04-27,7515,6311650
2011-04-28,7563,6378300
2011-04-29,7616,6490100
2011-04-30,7541,6423725
2011-05-01,7498,6373525
2011-05-02,7630,6407075
2011-05-03,7749,6508050
2011-05-04,7748,6548000
2011-05-05,7675,6479500
2011-05-06,7641,6443125
2011-05-07,7651,6466825
2011-05-08,7650,6478325
2011-05-09,7713,6530500
2011-05-10,7727,6565800
2011-05-11,7741,6565800
2011-05-12,7738,6571075
2011-05-13,7318,6165000
2011-05-14,6979,5850275
2011-05-15,7152,6096550
2011-05-16,7316,6241850
2011-05-17,7349,6288325
2011-05-18,7320,6290825
2011-05-19,7214,6193100
2011-05-20,6871,6005400
2011-05-21,6849,6009700
2011-05-22,6858,5981825
2011-05-23,6940,5999500
2011-05-24,6852,5897800
2011-05-25,6804,5862500
2011-05-26,6782,5844025
2011-05-27,6773,5772500
2011-05-28,6978,6019000
2011-05-29,7052,6108875
2011-05-30,7027,6066900
2011-05-31,6931,5972350
2011-06-01,6955,5949875
2011-06-02,8073,7058400
2011-06-03,8338,7287200
2011-06-04,8425,7330225
2011-06-05,8426,7326125
2011-06-06,8432,7323325
2011-06-07,8454,7338275
2011-06-08,8503,7378675
2011-06-09,8537,7428550
2011-06-10,8592,7502350
2011-06-11,8577,7501825
2011-06-12,8158,6993750
2011-06-13,7748,6571425
2011-06-14,7504,6367900
2011-06-15,7679,6501275
2011-06-16,7878,6750775
2011-06-17,8017,6796600
2011-06-18,8022,6765625
2011-06-19,7993,6794850
2011-06-20,8004,6819625
2011-06-21,8007,6819900
2011-06-22,8034,6836875
2011-06-23,8039,6853150
2011-06-24,8012,6873900
2011-06-25,7749,6596625
2011-06-26,7712,6553625
2011-06-27,7703,6530975
2011-06-28,7741,6587150
2011-06-29,7817,6677750
2011-06-30,6821,5679050
2011-07-01,6595,5476325
2011-07-02,6478,5375150
2011-07-03,6566,5433925
2011-07-04,6548,5382225
2011-07-05,6528,5354950
2011-07-06,6551,5352950
2011-07-07,6980,5770025
2011-07-08,7508,6286350
2011-07-09,7750,6480275
2011-07-10,7879,6581300
2011-07-11,8058,6699950
2011-07-12,8096,6676650
2011-07-13,7764,6340825
2011-07-14,7414,5948600
2011-07-15,7562,6111025
2011-07-16,7817,6355175
2011-07-17,7957,6480300
2011-07-18,8037,6591675
2011-07-19,8214,6743350
2011-07-20,8330,6860850
2011-07-21,8378,6865350
2011-07-22,8428,6867925
2011-07-23,8498,6889475
2011-07-24,8556,6909900
2011-07-25,8534,6908200
2011-07-26,8546,6866625
2011-07-27,8512,6804525
2011-07-28,8478,6767250
2011-07-29,8583,6861225
2011-07-30,8671,6967050
2011-07-31,8624,6939200
2011-08-01,8607,6935825
2011-08-02,9079,7293000
2011-08-03,9133,7369350
2011-08-04,8791,7007875
2011-08-05,8248,6431325
2011-08-06,8024,6234800
2011-08-07,7919,6163525
2011-08-08,7874,6157825
2011-08-09,7948,6205875
2011-08-10,8042,6284225
2011-08-11,8072,6320350
2011-08-12,7683,5927075
2011-08-13,7256,5527450
2011-08-14,6978,5258875
2011-08-15,7228,5471400
2011-08-16,7369,5617725
2011-08-17,7451,5678100
2011-08-18,7537,5791150
2011-08-19,7588,5848975
2011-08-20,7583,5870125
2011-08-21,7529,5820575
2011-08-22,7557,5857600
2011-08-23,7601,5932000
2011-08-24,7635,5988450
2011-08-25,7905,6190650
2011-08-26,8616,7007875
2011-08-27,8790,7116175
2011-08-28,8913,7174200
2011-08-29,9005,7367625
2011-08-30,8685,7155250
2011-08-31,8692,7139800
2011-09-01,8704,7120775
2011-09-02,8726,7139125
2011-09-03,8770,7184875
2011-09-04,8814,7223275
2011-09-05,8782,7193450
2011-09-06,8733,7166700
2011-09-07,8714,7161450
2011-09-08,8723,7153800
2011-09-09,8794,7210050
2011-09-10,8812,7237400
2011-09-11,8864,7271675
2011-09-12,8344,6775275
2011-09-13,7922,6381700
2011-09-14,7616,6106725
2011-09-15,7784,6321675
2011-09-16,8033,6552750
2011-09-17,8207,6675125
2011-09-18,8351,6872775
2011-09-19,8439,6967725
2011-09-20,8453,6973700
2011-09-21,8442,6975500
2011-09-22,8244,6815725
2011-09-23,7584,6012125
2011-09-24,7490,5922925
2011-09-25,7492,5968775
2011-09-26,7950,6196900
2011-09-27,8819,7017650
2011-09-28,9041,7161950
2011-09-29,9133,7232425
2011-09-30,9250,7321900
2011-10-01,9303,7344000
2011-10-02,9285,7325400
2011-10-03,9308,7350400
2011-10-04,9376,7420875
2011-10-05,9345,7397075
2011-10-06,9306,7368375
2011-10-07,9273,7340775
2011-10-08,9350,7431575
2011-10-09,9404,7446375
2011-10-10,9422,7478125
2011-10-11,9589,7581625
2011-10-12,9759,7704950
2011-10-13,9384,7284850
2011-10-14,8911,6869925
2011-10-15,9153,7130425
2011-10-16,9406,7244400
2011-10-17,9593,7345900
2011-10-18,9691,7420225
2011-10-19,9811,7490550
2011-10-20,9821,7525425
2011-10-21,9767,7520975
2011-10-22,9704,7461425
2011-10-23,9672,7369300
2011-10-24,9368,7150175
2011-10-25,8482,6285900
2011-10-26,8251,6142525
2011-10-27,8203,6094900
2011-10-28,8261,6190125
2011-10-29,8284,6211375
2011-10-30,8384,6276825
2011-10-31,8458,6351225
2011-11-01,8471,6361200
2011-11-02,8488,6360075
2011-11-03,8566,6458400
2011-11-04,8654,6552775
2011-11-05,8646,6509875
2011-11-06,8592,6488650
2011-11-07,8580,6465950
2011-11-08,8501,6423100
2011-11-09,8451,6391225
2011-11-10,8458,6395700
2011-11-11,8570,6462925
2011-11-12,8115,6037275
2011-11-13,7630,5658225
2011-11-14,7232,5325275
2011-11-15,7404,5501550
2011-11-16,7644,5756300
2011-11-17,7860,5938050
2011-11-18,9490,7593075
2011-11-19,9943,8003800
2011-11-20,10153,8170275
2011-11-21,10239,8205150
2011-11-22,10320,8248475
2011-11-23,10447,8303550
2011-11-24,10438,8290925
2011-11-25,10442,8229750
2011-11-26,10513,8261600
2011-11-27,10514,8288525
2011-11-28,10506,8253725
2011-11-29,10508,8213025
2011-11-30,10544,8238100
2011-12-01,10564,8216925
2011-12-02,10548,8184425
2011-12-03,10508,8167400
2011-12-04,10547,8198200
2011-12-05,10611,8248975
2011-12-06,10595,8228725
2011-12-07,10541,8169725
2011-12-08,10541,8147000
2011-12-09,10586,8201475
2011-12-10,10572,8182625
2011-12-11,10612,8239675
2011-12-12,10668,8293825
2011-12-13,10387,8012975
2011-12-14,9981,7608150
2011-12-15,10206,7751025
2011-12-16,9055,6444825
2011-12-17,8935,6308275
2011-12-18,8996,6421250
2011-12-19,9042,6525975
2011-12-20,9844,7375275
2011-12-21,10276,7827800
2011-12-22,10585,8118300
2011-12-23,10721,8269275
2011-12-24,10785,8381075
2011-12-25,10886,8492775
2011-12-26,11013,8647450
2011-12-27,11145,8799525
2011-12-28,11262,8940125
2011-12-29,11838,9600200
2011-12-30,12209,10022475
2011-12-31,12351,10179000
2012-01-01,12458,10270325
2012-01-02,12593,10366450
2012-01-03,12676,10450525
2012-01-04,12809,10544900
2012-01-05,12935,10673425
2012-01-06,12895,10641950
2012-01-07,12847,10606850
2012-01-08,12820,10586275
2012-01-09,12764,10558675
2012-01-10,12669,10526950
2012-01-11,12628,10525250
2012-01-12,12252,10254175
2012-01-13,12138,10301925
2012-01-14,11907,10157300
2012-01-15,11674,9912350
2012-01-16,12256,10497275
2012-01-17,11702,9901300
2012-01-18,11356,9612975
2012-01-19,11161,9443725
2012-01-20,11053,9364450
2012-01-21,11051,9363275
2012-01-22,11000,9281125
2012-01-23,10861,9139175
2012-01-24,10763,9041650
2012-01-25,10691,8956500
2012-01-26,10189,8365625
2012-01-27,9911,8055250
2012-01-28,9838,7971850
2012-01-29,9811,7955900
2012-01-30,10043,8151975
2012-01-31,10680,8913175
2012-02-01,10709,8951450
2012-02-02,10696,8931475
2012-02-03,10659,8887075
2012-02-04,10710,8923850
2012-02-05,10786,8965225
2012-02-06,10867,9019450
2012-02-07,10837,8953225
2012-02-08,10955,9013125
2012-02-09,10713,8794975
2012-02-10,10242,8298325
2012-02-11,10072,8157575
2012-02-12,9905,8032650
2012-02-13,9000,7141400
2012-02-14,8585,6778000
2012-02-15,9010,7072625
2012-02-16,9260,7323300
2012-02-17,9277,7316225
2012-02-18,9266,7277250
2012-02-19,9304,7302350
2012-02-20,9375,7355100
2012-02-21,9388,7388750
2012-02-22,9392,7410275
2012-02-23,9694,7793175
2012-02-24,10292,8458850
2012-02-25,10418,8582900
2012-02-26,10507,8677800
2012-02-27,10222,8447850
2012-02-28,9550,7665400
2012-02-29,9452,7599375
2012-03-01,9446,7608925
2012-03-02,9438,7649075
2012-03-03,9413,7650800
2012-03-04,9344,7614900
2012-03-05,9269,7575200
2012-03-06,9292,7607400
2012-03-07,9176,7544850
2012-03-08,9372,7754175
2012-03-09,9562,7900175
2012-03-10,9630,7970475
2012-03-11,9675,8031650
2012-03-12,9816,8226200
2012-03-13,10021,8422450
2012-03-14,9465,8018000
2012-03-15,9588,8238275
2012-03-16,9723,8386175
2012-03-17,9754,8422550
2012-03-18,9784,8473550
2012-03-19,9776,8490950
2012-03-20,9808,8542275
2012-03-21,9840,8563425
2012-03-22,9800,8521950
2012-03-23,9944,8801425
2012-03-24,10015,8841300
2012-03-25,9971,8807125
2012-03-26,10008,8898600
2012-03-27,10012,8930300
2012-03-28,9968,8936000
2012-03-29,9899,8918025
2012-03-30,9921,8921000
2012-03-31,9940,8932125
2012-04-01,9944,8937950
2012-04-02,9919,8932150
2012-04-03,9902,8935625
2012-04-04,9868,8915850
2012-04-05,9696,8744975
2012-04-06,9541,8662900
2012-04-07,9402,8536600
2012-04-08,9310,8466175
2012-04-09,9118,8244675
2012-04-10,8860,8011450
2012-04-11,9020,8182200
2012-04-12,8741,7885050
2012-04-13,8413,7594175
2012-04-14,8160,7381825
2012-04-15,8469,7659250
2012-04-16,8790,7990625
2012-04-17,8876,8085300
2012-04-18,8940,8147175
2012-04-19,8695,7809825
2012-04-20,7898,6842250
2012-04-21,7738,6721050
2012-04-22,7708,6699250
2012-04-23,7674,6626775
2012-04-24,7717,6642225
2012-04-25,7920,6842100
2012-04-26,8288,7302925
2012-04-27,8377,7413500
2012-04-28,8430,7461425
2012-04-29,8492,7548550
2012-04-30,8601,7626075
2012-05-01,8626,7643050
2012-05-02,8682,7682650
2012-05-03,8846,7819000
2012-05-04,8869,7818450
2012-05-05,8941,7857400
2012-05-06,9037,7938025
2012-05-07,9089,7981225
2012-05-08,9100,7986800
2012-05-09,9301,8231525
2012-05-10,9054,7958200
2012-05-11,9071,7969275
2012-05-12,9109,8004525
2012-05-13,8595,7544725
2012-05-14,8110,7025250
2012-05-15,8180,7115775
2012-05-16,8409,7397150
2012-05-17,8470,7502550
2012-05-18,8552,7529450
2012-05-19,8546,7489350
2012-05-20,8526,7490950
2012-05-21,8515,7482425
2012-05-22,8541,7504350
2012-05-23,8445,7362925
2012-05-24,8192,6960150
2012-05-25,9303,8298825
2012-05-26,9447,8436000
2012-05-27,9518,8501700
2012-05-28,9587,8579725
2012-05-29,9720,8691500
2012-05-30,9741,8727800
2012-05-31,9648,8636075
2012-06-01,9679,8643875
2012-06-02,9703,8661350
2012-06-03,9707,8654400
2012-06-04,9727,8670975
2012-06-05,9773,8700525
2012-06-06,9324,8170025
2012-06-07,9566,8416275
2012-06-08,9675,8483575
2012-06-09,9934,8870675
2012-06-10,9995,8915300
2012-06-11,10045,8991600
2012-06-12,9731,8633700
2012-06-13,9277,8114400
2012-06-14,9121,7920375
2012-06-15,9035,7884450
2012-06-16,9323,8230375
2012-06-17,9400,8285625
2012-06-18,9531,8387300
2012-06-19,9982,8876650
2012-06-20,10696,9645625
2012-06-21,10828,9790325
2012-06-22,9760,8446475
2012-06-23,9618,8284000
2012-06-24,9579,8201150
2012-06-25,9563,8165950
2012-06-26,9843,8480975
2012-06-27,10092,8682350
2012-06-28,10128,8737450
2012-06-29,10113,8720200
2012-06-30,10155,8759400
2012-07-01,10193,8797375
2012-07-02,10180,8789075
2012-07-03,10200,8808700
2012-07-04,10171,8814300
2012-07-05,9856,8515000
2012-07-06,9713,8395700
2012-07-07,9457,8016500
2012-07-08,9434,7978150
2012-07-09,9436,7935400
2012-07-10,9783,8213775
2012-07-11,10018,8503100
2012-07-12,10053,8553100
2012-07-13,9988,8449775
2012-07-14,9645,8069200
2012-07-15,9666,8067475
2012-07-16,9773,8238225
2012-07-17,9384,7804025
2012-07-18,8725,7092325
2012-07-19,8583,6970325
2012-07-20,8550,6914875
2012-07-21,8578,6959575
2012-07-22,8576,6965625
2012-07-23,8576,6951350
2012-07-24,8389,6762375
2012-07-25,9005,7446775
2012-07-26,9597,8026975
2012-07-27,9767,8173650
2012-07-28,9843,8195200
2012-07-29,9908,8219100
2012-07-30,10022,8258375
2012-07-31,10097,8283400
2012-08-01,10082,8249900
2012-08-02,10136,8287800
2012-08-03,10134,8313000
2012-08-04,10175,8336025
2012-08-05,10129,8337325
2012-08-06,10102,8359550
2012-08-07,9892,8204100
2012-08-08,9795,8055675
2012-08-09,9756,8016875
2012-08-10,9728,7999175
2012-08-11,9661,7928050
2012-08-12,9473,7773475
2012-08-13,9360,7624575
2012-08-14,9473,7736800
2012-08-15,9564,7852925
2012-08-16,10028,8338300
2012-08-17,10188,8543450
2012-08-18,10280,8603775
2012-08-19,10383,8676250
2012-08-20,10447,8748150
2012-08-21,10403,8732875
2012-08-22,9604,7898975
2012-08-23,9123,7389425
2012-08-24,8975,7258125
2012-08-25,8921,7252725
2012-08-26,8873,7257600
2012-08-27,8819,7294775
2012-08-28,9552,8153575
2012-08-29,10157,8764650
2012-08-30,10428,9001825
2012-08-31,10684,9214025
2012-09-01,10738,9232550
2012-09-02,10778,9246550
2012-09-03,10788,9271300
2012-09-04,10721,9220200
2012-09-05,10651,9134125
2012-09-06,10673,9168950
2012-09-07,10702,9227875
2012-09-08,10744,9275150
2012-09-09,10800,9291650
2012-09-10,10593,9116150
2012-09-11,10419,8948650
2012-09-12,10536,9015250
2012-09-13,9944,8377350
2012-09-14,9655,8078500
2012-09-15,9632,8104325
2012-09-16,10014,8644600
2012-09-17,10124,8756400
2012-09-18,10145,8781025
2012-09-19,10194,8815600
2012-09-20,10124,8751800
2012-09-21,10132,8762250
2012-09-22,10117,8789750
2012-09-23,10098,8781850
2012-09-24,10134,8784750
2012-09-25,9479,8051550
2012-09-26,8922,7498575
2012-09-27,9386,8198325
2012-09-28,9682,8608750
2012-09-29,9842,8797275
2012-09-30,9937,8893375
2012-10-01,10028,8909000
2012-10-02,10046,8899200
2012-10-03,10114,8988200
2012-10-04,10125,8985300
2012-10-05,10121,8948000
2012-10-06,10158,8957825
2012-10-07,10149,8954150
2012-10-08,10195,8948200
2012-10-09,10158,8889775
2012-10-10,10235,8993700
2012-10-11,10330,9077125
2012-10-12,10362,9087425
2012-10-13,10168,8863125
2012-10-14,9631,8216600
2012-10-15,9587,8209600
2012-10-16,10092,8672300
2012-10-17,10320,8899400
2012-10-18,10444,9026975
2012-10-19,10540,9140250
2012-10-20,10591,9185600
2012-10-21,10681,9290225
2012-10-22,10672,9270700
2012-10-23,11189,9926850
2012-10-24,11808,10597700
2012-10-25,11254,9847475
2012-10-26,10776,9288725
2012-10-27,10578,9085800
2012-10-28,10490,8987975
2012-10-29,10436,8956975
2012-10-30,10413,8945025
2012-10-31,10304,8838400
2012-11-01,10245,8802200
2012-11-02,10246,8792900
2012-11-03,10144,8746350
2012-11-04,10111,8721325
2012-11-05,10023,8643150
2012-11-06,9979,8586925
2012-11-07,9480,8092900
2012-11-08,9310,7957300
2012-11-09,9242,7931150
2012-11-10,9230,7945650
2012-11-11,9164,7857900
2012-11-12,8908,7572075
2012-11-13,8187,6834075
2012-11-14,8242,6823625
2012-11-15,8467,7034825
2012-11-16,9002,7606500
2012-11-17,9750,8294275
2012-11-18,10213,8687450
2012-11-19,10496,8971900
2012-11-20,10664,8981725
2012-11-21,10363,8550275
2012-11-22,10304,8420000
2012-11-23,10329,8385900
2012-11-24,10461,8512625
2012-11-25,10486,8601600
2012-11-26,10511,8656550
2012-11-27,10640,8771700
2012-11-28,10735,8882225
2012-11-29,10810,8945550
2012-11-30,10811,9032350
2012-12-01,10925,9075075
2012-12-02,10931,9053700
2012-12-03,11015,9128450
2012-12-04,11537,9687725
2012-12-05,11627,9740325
2012-12-06,11815,9896950
2012-12-07,11891,9950600
2012-12-08,11980,10039050
2012-12-09,12049,10131675
2012-12-10,12045,10162825
2012-12-11,12031,10169450
2012-12-12,11652,9839150
2012-12-13,11226,9435775
2012-12-14,10525,8697625
2012-12-15,9990,8172900
2012-12-16,9999,8330250
2012-12-17,10660,9149675
2012-12-18,10446,9005225
2012-12-19,10673,9323000
2012-12-20,10927,9670475
2012-12-21,11049,9837275
2012-12-22,11064,9900725
2012-12-23,11048,9896525
2012-12-24,11177,10103550
2012-12-25,11099,10132250
2012-12-26,11117,10175350
2012-12-27,11304,10492875
2012-12-28,11442,10622875
2012-12-29,11409,10760625
2012-12-30,11423,10955100
2012-12-31,11459,11122500
2013-01-01,10969,10604225
2013-01-02,11044,10659300
2013-01-03,10973,10590550
2013-01-04,10945,10566300
2013-01-05,10905,10526925
2013-01-06,10842,10489500
2013-01-07,10827,10479950
2013-01-08,11183,10864300
2013-01-09,11241,10965650
2013-01-10,11243,10958325
2013-01-11,11296,10990100
2013-01-12,10975,10697775
2013-01-13,10319,9987400
2013-01-14,9258,8812975
2013-01-15,8898,8450525
2013-01-16,8807,8424050
2013-01-17,9278,9057975
2013-01-18,9563,9445250
2013-01-19,9746,9777500
2013-01-20,9727,9902775
2013-01-21,9618,9761175
2013-01-22,9573,9673300
2013-01-23,9543,9597875
2013-01-24,9302,9256325
2013-01-25,9162,9050625
2013-01-26,9171,8896925
2013-01-27,9066,8774450
2013-01-28,8966,8577925
2013-01-29,8947,8580700
2013-01-30,8884,8547875
2013-01-31,8918,8498900
2013-02-01,8984,8619600
2013-02-02,8948,8601275
2013-02-03,8953,8570750
2013-02-04,8985,8575675
2013-02-05,8632,8175800
2013-02-06,8498,8020875
2013-02-07,8429,7962350
2013-02-08,8379,7945050
2013-02-09,8346,7900550
2013-02-10,8317,7821150
2013-02-11,8279,7757750
2013-02-12,8102,7490925
2013-02-13,7651,6916775
2013-02-14,6838,5905675
2013-02-15,6706,5698000
2013-02-16,6860,5705800
2013-02-17,7801,6580950
2013-02-18,8329,7177950
2013-02-19,8709,7552625
2013-02-20,8802,7703925
2013-02-21,8837,7750175
2013-02-22,8939,7835825
2013-02-23,9024,7937100
2013-02-24,9184,7957900
2013-02-25,9276,8029100
2013-02-26,9242,8021925
2013-02-27,9311,8147950
2013-02-28,9480,8477400
2013-03-01,9530,8467225
2013-03-02,9601,8507050
2013-03-03,9612,8529700
2013-03-04,9606,8536375
2013-03-05,9721,8654400
2013-03-06,9799,8772550
2013-03-07,9833,8820850
2013-03-08,10064,9017300
2013-03-09,10204,9165375
2013-03-10,10258,9209775
2013-03-11,10285,9262250
2013-03-12,10727,9805750
2013-03-13,10887,10025350
2013-03-14,10868,10005025
2013-03-15,10901,10016850
2013-03-16,10879,10086875
2013-03-17,10759,9988375
2013-03-18,10701,10004775
2013-03-19,10613,9919275
2013-03-20,10608,9931175
2013-03-21,10711,10010450
2013-03-22,10710,10045950
2013-03-23,10659,10019400
2013-03-24,10655,10024525
2013-03-25,10640,10031825
2013-03-26,10672,10036225
2013-03-27,10590,9921425
2013-03-28,11018,10472225
2013-03-29,11051,10585600
2013-03-30,11024,10589975
2013-03-31,11051,10636300
2013-04-01,11143,10727900
2013-04-02,11038,10658400
2013-04-03,11015,10620875
2013-04-04,11066,10663325
2013-04-05,10845,10462200
2013-04-06,10733,10356250
2013-04-07,10739,10356775
2013-04-08,10706,10304775
2013-04-09,10142,9669425
2013-04-10,10155,9624975
2013-04-11,10372,9965600
2013-04-12,10013,9615125
2013-04-13,9487,8971700
2013-04-14,8629,7955250
2013-04-15,8059,7186900
2013-04-16,7727,6825325
2013-04-17,8095,7186550
2013-04-18,8738,7959875
2013-04-19,8952,8280975
2013-04-20,9033,8409950
2013-04-21,9131,8517025
2013-04-22,9210,8639825
2013-04-23,9299,8731350
2013-04-24,9524,9030425
2013-04-25,9118,8430500
2013-04-26,9261,8537050
2013-04-27,9423,8615250
2013-04-28,9560,8646050
2013-04-29,9801,8841925
2013-04-30,10092,9110525
2013-05-01,10135,9165075
2013-05-02,10203,9257625
2013-05-03,10233,9328000
2013-05-04,10239,9377400
2013-05-05,10289,9417200
2013-05-06,10405,9537250
2013-05-07,10464,9593825
2013-05-08,10438,9604725
2013-05-09,10356,9397175
2013-05-10,10343,9420650
2013-05-11,10388,9482525
2013-05-12,10429,9512800
2013-05-13,10441,9499900
2013-05-14,10420,9445050
2013-05-15,9859,8848425
2013-05-16,9011,7898050
2013-05-17,9316,8174950
2013-05-18,9715,8641450
2013-05-19,9861,8801050
2013-05-20,10096,8888425
2013-05-21,10761,9815675
2013-05-22,10968,10070125
2013-05-23,10922,9984900
2013-05-24,10854,9814125
2013-05-25,10768,9741500
2013-05-26,10692,9732850
2013-05-27,10401,9468900
2013-05-28,10213,9247950
2013-05-29,10204,9194475
2013-05-30,10153,9108750
2013-05-31,10172,9062800
2013-06-01,10195,9061500
2013-06-02,10104,9012275
2013-06-03,10022,8943075
2013-06-04,9968,8946300
2013-06-05,9946,8929550
2013-06-06,10008,8984225
2013-06-07,10056,9040050
2013-06-08,10018,8993675
2013-06-09,9964,8961650
2013-06-10,9960,9000000
2013-06-11,10081,9175300
2013-06-12,10128,9221225
2013-06-13,10152,9188450
2013-06-14,9508,8444775
2013-06-15,8922,7755025
2013-06-16,8574,7394350
2013-06-17,8855,7904325
2013-06-18,8703,7495250
2013-06-19,8524,7235600
2013-06-20,8498,7263175
2013-06-21,8583,7507550
2013-06-22,8608,7578850
2013-06-23,8652,7622125
2013-06-24,8692,7713650
2013-06-25,9010,8211650
2013-06-26,9128,8404050
2013-06-27,9162,8442725
2013-06-28,9174,8463750
2013-06-29,9235,8477750
2013-06-30,9333,8546225
2013-07-01,9444,8612500
2013-07-02,9524,8639375
2013-07-03,9433,8504100
2013-07-04,9180,8258325
2013-07-05,9072,8114975
2013-07-06,9074,8116100
2013-07-07,9046,8066500
2013-07-08,8972,7978625
2013-07-09,9164,8140975
2013-07-10,9338,8337125
2013-07-11,9398,8412000
2013-07-12,9400,8435900
2013-07-13,9374,8407225
2013-07-14,9356,8383150
2013-07-15,8651,7540950
2013-07-16,8002,7008475
2013-07-17,8430,7470625
2013-07-18,8928,8039400
2013-07-19,9281,8331425
2013-07-20,9389,8477000
2013-07-21,9637,8898425
2013-07-22,10054,9210225
2013-07-23,9909,8937900
2013-07-24,9813,8792650
2013-07-25,10068,9079125
2013-07-26,10177,9250375
2013-07-27,10185,9263825
2013-07-28,10187,9294325
2013-07-29,10184,9336100
2013-07-30,10166,9374150
2013-07-31,10178,9442925
2013-08-01,10215,9543325
2013-08-02,10254,9609475
2013-08-03,10247,9585425
2013-08-04,10267,9611375
2013-08-05,10316,9665825
2013-08-06,9995,9343175
2013-08-07,9790,9111675
2013-08-08,10054,9379475
2013-08-09,10184,9543400
2013-08-10,10247,9604500
2013-08-11,10268,9655775
2013-08-12,10231,9640775
2013-08-13,10228,9519150
2013-08-14,9501,8704700
2013-08-15,8840,7937500
2013-08-16,8292,7316625
2013-08-17,8711,7716650
2013-08-18,9024,7932075
2013-08-19,9118,8085925
2013-08-20,9081,8008000
2013-08-21,9828,8812675
2013-08-22,10101,9072425
2013-08-23,10144,9065225
2013-08-24,10230,9124750
2013-08-25,10332,9149575
2013-08-26,10373,9134250
2013-08-27,10489,9177350
2013-08-28,10506,9129000
2013-08-29,10569,9115875
2013-08-30,10614,9097925
2013-08-31,10684,9169600
2013-09-01,10724,9191375
2013-09-02,10755,9239900
2013-09-03,10763,9266325
2013-09-04,10791,9283300
2013-09-05,10498,9036675
2013-09-06,10412,8908950
2013-09-07,10393,8892550
2013-09-08,10400,8889800
2013-09-09,10464,8936025
2013-09-10,10814,9337125
2013-09-11,11017,9536575
2013-09-12,11050,9568800
2013-09-13,10952,9504975
2013-09-14,10289,8838200
2013-09-15,9578,8062025
2013-09-16,8977,7452350
2013-09-17,9387,7838575
2013-09-18,9286,7639175
2013-09-19,9106,7429750
2013-09-20,9068,7340550
2013-09-21,9241,7640875
2013-09-22,9512,7900100
2013-09-23,9620,8046425
2013-09-24,9626,8089650
2013-09-25,10160,8730500
2013-09-26,10431,9023100
2013-09-27,10581,9166975
2013-09-28,10638,9201375
2013-09-29,10718,9262725
2013-09-30,10823,9351600
2013-10-01,10978,9481200
2013-10-02,11030,9490450
2013-10-03,11024,9451000
2013-10-04,10995,9426450
2013-10-05,11010,9425450
2013-10-06,11070,9425400
2013-10-07,11088,9411400
2013-10-08,10812,9062800
2013-10-09,10656,8906425
2013-10-10,10967,9230425
2013-10-11,11133,9370475
2013-10-12,11193,9412750
2013-10-13,11263,9461100
2013-10-14,11366,9551075
2013-10-15,10704,8933550
2013-10-16,9973,8235650
2013-10-17,10133,8346225
2013-10-18,10498,8729700
2013-10-19,10469,8593500
2013-10-20,10300,8473325
2013-10-21,10555,8800225
2013-10-22,10693,8878475
2013-10-23,10234,8300275
2013-10-24,10635,8766800
2013-10-25,10802,8924150
2013-10-26,10841,9090875
2013-10-27,10869,9197050
2013-10-28,10878,9201475
2013-10-29,10872,9227600
2013-10-30,10885,9288800
2013-10-31,10886,9289975
2013-11-01,10849,9290000
2013-11-02,10984,9372800
2013-11-03,11047,9426350
2013-11-04,11075,9459175
2013-11-05,11146,9449675
2013-11-06,11150,9480725
2013-11-07,10760,9109800
2013-11-08,10555,8940075
2013-11-09,10516,8925050
2013-11-10,10550,8903675
2013-11-11,10473,8825125
2013-11-12,10847,9148400
2013-11-13,11016,9334125
2013-11-14,10439,8811750
2013-11-15,9892,8336500
2013-11-16,9552,8036275
2013-11-17,9941,8449725
2013-11-18,10338,8706875
2013-11-19,10639,8934225
2013-11-20,10778,9067775
2013-11-21,10536,8762450
2013-11-22,10574,8730325
2013-11-23,10633,8702625
2013-11-24,10670,8652450
2013-11-25,10741,8669675
2013-11-26,11269,9122100
2013-11-27,11578,9473275
2013-11-28,11720,9665625
2013-11-29,11851,9744400
2013-11-30,11804,9723525
2013-12-01,11765,9708775
2013-12-02,11841,9812800
2013-12-03,11875,9917100
2013-12-04,11911,9923375
2013-12-05,11923,9910550
2013-12-06,11987,9973675
2013-12-07,12017,9968325
2013-12-08,11966,9967475
2013-12-09,11952,9972925
2013-12-10,12022,10112625
2013-12-11,12154,10234125
2013-12-12,12216,10324650
2013-12-13,12315,10340025
2013-12-14,12349,10343475
2013-12-15,11711,9708700
2013-12-16,11061,9159275
2013-12-17,10977,9230625
2013-12-18,11343,9762950
2013-12-19,11294,9772425
2013-12-20,11177,9749675
2013-12-21,11271,9823550
2013-12-22,11399,10106650
2013-12-23,11696,10441275
2013-12-24,11492,10283100
2013-12-25,11329,10097975
2013-12-26,11323,10050675
2013-12-27,11516,10260150
2013-12-28,11562,10390250
2013-12-29,11583,10474375
2013-12-30,11917,11094200
2013-12-31,12112,11433925
2014-01-01,12151,11569625
2014-01-02,12285,11732000
2014-01-03,12321,11797525
2014-01-04,12312,11886000
2014-01-05,12262,11918425
2014-01-06,12260,11982225
2014-01-07,11847,11557650
2014-01-08,11591,11245575
2014-01-09,11575,11202275
2014-01-10,11553,11189300
2014-01-11,11530,11203300
2014-01-12,11483,11175075
2014-01-13,11263,10937050
2014-01-14,11062,10751950
2014-01-15,10475,10068150
2014-01-16,10058,9587575
2014-01-17,10346,10000350
2014-01-18,10685,10443200
2014-01-19,10723,10520450
2014-01-20,10505,10363650
2014-01-21,10247,10244800
2014-01-22,10781,10994550
2014-01-23,10987,11245175
2014-01-24,10878,11107550
2014-01-25,10920,11101600
2014-01-26,10851,11078300
2014-01-27,10493,10444050
2014-01-28,10235,10093025
2014-01-29,10595,10519325
2014-01-30,10639,10643075
2014-01-31,10652,10653450
2014-02-01,10696,10662000
2014-02-02,10770,10739600
2014-02-03,10778,10714575
2014-02-04,10778,10724625
2014-02-05,10821,10987125
2014-02-06,10847,11017725
2014-02-07,10800,11000650
2014-02-08,10888,11032650
2014-02-09,10889,11033500
2014-02-10,11014,11224825
2014-02-11,10720,10978200
2014-02-12,10615,10900050
2014-02-13,10560,10862725
2014-02-14,9993,10190375
2014-02-15,9395,9465675
2014-02-16,9052,8984600
2014-02-17,9425,9619275
2014-02-18,9688,9859300
2014-02-19,9264,9237850
2014-02-20,9141,9074300
2014-02-21,9314,9368100
2014-02-22,9384,9488250
2014-02-23,9480,9519175
2014-02-24,9694,9878825
2014-02-25,10923,10717825
2014-02-26,11219,10645250
2014-02-27,11766,10943625
2014-02-28,11979,11079550
2014-03-01,12095,11086225
2014-03-02,12206,11105675
2014-03-03,12307,11136950
2014-03-04,12487,11227250
2014-03-05,12732,11276525
2014-03-06,12848,11342700
2014-03-07,12968,11421500
2014-03-08,12991,11401575
2014-03-09,13088,11404850
2014-03-10,13260,11421100
2014-03-11,13608,11605600
2014-03-12,15211,12931425
2014-03-13,16224,13734650
2014-03-14,16298,13770400
2014-03-15,16307,13753150
2014-03-16,16364,13765375
2014-03-17,16357,13430475
2014-03-18,16604,13652175
2014-03-19,16687,13677200
2014-03-20,16710,13654525
2014-03-21,16735,13667550
2014-03-22,16726,13623600
2014-03-23,16782,13673875
2014-03-24,16710,13414400
2014-03-25,15899,13085400
2014-03-26,15343,12803625
2014-03-27,14875,12604525
2014-03-28,14716,12486600
2014-03-29,14633,12482425
2014-03-30,14518,12438400
2014-03-31,14534,12495025
2014-04-01,14386,12404375
2014-04-02,14080,12100975
2014-04-03,13883,11999250
2014-04-04,13842,12002250
2014-04-05,13720,11983175
2014-04-06,13663,11982050
2014-04-07,13392,11777375
2014-04-08,12997,11475025
2014-04-09,11431,10151175
2014-04-10,10696,9646350
2014-04-11,10723,9711625
2014-04-12,10675,9711525
2014-04-13,10598,9670775
2014-04-14,9933,9041025
2014-04-15,9407,8445200
2014-04-16,9527,8670475
2014-04-17,10343,9528425
2014-04-18,10579,9718300
2014-04-19,10601,9768800
2014-04-20,10575,9733975
2014-04-21,10722,9883725
2014-04-22,10559,9613675
2014-04-23,10518,9473375
2014-04-24,10777,9594025
2014-04-25,10836,9698375
2014-04-26,10878,9729700
2014-04-27,10926,9765200
2014-04-28,10966,9832450
2014-04-29,10980,9900375
2014-04-30,11067,10023150
2014-05-01,11129,10057400
2014-05-02,11096,10073850
2014-05-03,11144,10087000
2014-05-04,11147,10094700
2014-05-05,11267,10242600
2014-05-06,11650,10629125
2014-05-07,11717,10679575
2014-05-08,11444,10395500
2014-05-09,11472,10413675
2014-05-10,11527,10448400
2014-05-11,11600,10492350
2014-05-12,11632,10505025
2014-05-13,11478,10326275
2014-05-14,10954,9663950
2014-05-15,9876,8563775
2014-05-16,9257,7895400
2014-05-17,9405,8054200
2014-05-18,9881,8615625
2014-05-19,9984,8713900
2014-05-20,10175,8829125
2014-05-21,10325,9077075
2014-05-22,10418,9225775
2014-05-23,10737,9476100
2014-05-24,10853,9531650
2014-05-25,10859,9505225
2014-05-26,10768,9356025
2014-05-27,10814,9380475
2014-05-28,10895,9462950
2014-05-29,11199,9709325
2014-05-30,11360,9844650
2014-05-31,11442,9922925
2014-06-01,11467,9961600
2014-06-02,11373,9865625
2014-06-03,11279,9714225
2014-06-04,11260,9704625
2014-06-05,11418,9843975
2014-06-06,11289,9736950
2014-06-07,11245,9739050
2014-06-08,11176,9712100
2014-06-09,11171,9707675
2014-06-10,11594,10080475
2014-06-11,11685,10202700
2014-06-12,11788,10282400
2014-06-13,11854,10322925
2014-06-14,11442,9861100
2014-06-15,10806,9134750
2014-06-16,10831,9398900
2014-06-17,11084,9675225
2014-06-18,11530,9965025
2014-06-19,11291,9742400
2014-06-20,10977,9459500
2014-06-21,10885,9407175
2014-06-22,10905,9452725
2014-06-23,11111,9661900
2014-06-24,11188,9705950
2014-06-25,11619,10050900
2014-06-26,11474,9983275
2014-06-27,11480,9944550
2014-06-28,11520,9976725
2014-06-29,11590,10088150
2014-06-30,11694,10170125
2014-07-01,11609,10087200
2014-07-02,11670,10108350
2014-07-03,11624,9996375
2014-07-04,11638,9974250
2014-07-05,11691,9999100
2014-07-06,11731,10018525
2014-07-07,11765,10079450
2014-07-08,11312,9728775
2014-07-09,11233,9648250
2014-07-10,13161,11461000
2014-07-11,14165,12607850
2014-07-12,14156,12647125
2014-07-13,14116,12610475
2014-07-14,13626,11894400
2014-07-15,12983,11230225
2014-07-16,12293,10635725
2014-07-17,12815,10993225
2014-07-18,13568,11616375
2014-07-19,13699,11747425
2014-07-20,13793,11818000
2014-07-21,13730,11824075
2014-07-22,13746,11829525
2014-07-23,13298,11384925
2014-07-24,13973,11968375
2014-07-25,14402,12339275
2014-07-26,14569,12417625
2014-07-27,14684,12435250
2014-07-28,14696,12456875
2014-07-29,14837,12484900
2014-07-30,14942,12595275
2014-07-31,15179,12782650
2014-08-01,15408,12972125
2014-08-02,15431,12939000
2014-08-03,15463,13013450
2014-08-04,15458,13006150
2014-08-05,15567,13056700
2014-08-06,15628,13094650
2014-08-07,13602,11195475
2014-08-08,12630,10061275
2014-08-09,12687,10025075
2014-08-10,12723,10065375
2014-08-11,12708,10067050
2014-08-12,12995,10352475
2014-08-13,13156,10506925
2014-08-14,12333,9777675
2014-08-15,11357,8932025
2014-08-16,11051,8671450
2014-08-17,11592,9276400
2014-08-18,12287,9869950
2014-08-19,12521,10076925
2014-08-20,12597,10158825
2014-08-21,12242,9873675
2014-08-22,11924,9612225
2014-08-23,11986,9711775
2014-08-24,11924,9692200
2014-08-25,11937,9655575
2014-08-26,12238,10107700
2014-08-27,12408,10249900
2014-08-28,12210,10127425
2014-08-29,12070,10076625
2014-08-30,12116,10184625
2014-08-31,12141,10202475
2014-09-01,12276,10354250
2014-09-02,12245,10305425
2014-09-03,12265,10376625
2014-09-04,12292,10416975
2014-09-05,12316,10458825
2014-09-06,12305,10439825
2014-09-07,12330,10427050
2014-09-08,12636,10698275
2014-09-09,12449,10560525
2014-09-10,12283,10368175
2014-09-11,12530,10607650
2014-09-12,12596,10691150
2014-09-13,12632,10685125
2014-09-14,11906,9847150
2014-09-15,10991,8978900
2014-09-16,10545,8577950
2014-09-17,10830,8909950
2014-09-18,10949,8966500
2014-09-19,10972,9006425
2014-09-20,10834,8882900
2014-09-21,11102,9129700
2014-09-22,11475,9416900
2014-09-23,11132,9021950
2014-09-24,10936,8823325
2014-09-25,11491,9376050
2014-09-26,11681,9529875
2014-09-27,11640,9504225
2014-09-28,11687,9507275
2014-09-29,11987,9733625
2014-09-30,12543,10291050
2014-10-01,12652,10359950
2014-10-02,12745,10430250
2014-10-03,12689,10376075
2014-10-04,12780,10456725
2014-10-05,12801,10488625
2014-10-06,12559,10244825
2014-10-07,12333,10035600
2014-10-08,12365,10139050
2014-10-09,12222,9998650
2014-10-10,12156,9947125
2014-10-11,12124,9907875
2014-10-12,12084,9905275
2014-10-13,12116,9918850
2014-10-14,12700,10461000
2014-10-15,13144,10734175
2014-10-16,12742,10288700
2014-10-17,12965,10472275
2014-10-18,13239,10802575
2014-10-19,13207,10767100
2014-10-20,12883,10545000
2014-10-21,13011,10773775
2014-10-22,13352,11131125
2014-10-23,12940,10723450
2014-10-24,12798,10595575
2014-10-25,12805,10655750
2014-10-26,12911,10706600
2014-10-27,13185,10918050
2014-10-28,13079,10776100
2014-10-29,13045,10784450
2014-10-30,13176,10899550
2014-10-31,13284,11023675
2014-11-01,13271,11038225
2014-11-02,13350,11144625
2014-11-03,13510,11277725
2014-11-04,13721,11408500
2014-11-05,13675,11290250
2014-11-06,13606,11220475
2014-11-07,13692,11267900
2014-11-08,13789,11386950
2014-11-09,13829,11417825
2014-11-10,13764,11379825
2014-11-11,13318,10940075
2014-11-12,12607,10370100
2014-11-13,12398,10226075
2014-11-14,11842,9672450
2014-11-15,11345,9173800
2014-11-16,10969,8815350
2014-11-17,11603,9500100
2014-11-18,11994,9701775
2014-11-19,11885,9539125
2014-11-20,11943,9517550
2014-11-21,12110,9729000
2014-11-22,12531,9987275
2014-11-23,12662,10090850
2014-11-24,12562,9921850
2014-11-25,12592,9915250
2014-11-26,12792,10005375
2014-11-27,12778,9959850
2014-11-28,12684,9863675
2014-11-29,12697,9925575
2014-11-30,12773,9901650
2014-12-01,12771,9903550
2014-12-02,12753,9945400
2014-12-03,12883,10121725
2014-12-04,12887,10160400
2014-12-05,13057,10224925
2014-12-06,13078,10203600
2014-12-07,13096,10281875
2014-12-08,13220,10364300
2014-12-09,13195,10336500
2014-12-10,13215,10283100
2014-12-11,13439,10403625
2014-12-12,13513,10494650
2014-12-13,13556,10548200
2014-12-14,13665,10615475
2014-12-15,12947,9872875
2014-12-16,12270,9337475
2014-12-17,12628,9762800
2014-12-18,12997,10126250
2014-12-19,13061,10099325
2014-12-20,13207,10238125
2014-12-21,13588,10734625
2014-12-22,13701,11107900
2014-12-23,13738,11145650
2014-12-24,13891,11270900
2014-12-25,14113,11451100
2014-12-26,14405,11689150
2014-12-27,14748,12005375
2014-12-28,14808,12123450
2014-12-29,15189,12563000
2014-12-30,15236,12658450
2014-12-31,15576,12986425
2015-01-01,15777,13192600
2015-01-02,15678,13224825
2015-01-03,15621,13254425
2015-01-04,15587,13219225
2015-01-05,15578,13272200
2015-01-06,15579,13310450
2015-01-07,15348,13196575
2015-01-08,15076,13048350
2015-01-09,14962,12977300
2015-01-10,14941,12896325
2015-01-11,14849,12812550
2015-01-12,14724,12660125
2015-01-13,14878,12820100
2015-01-14,14282,12268225
2015-01-15,13654,11757400
2015-01-16,13321,11461125
2015-01-17,13346,11677450
2015-01-18,13221,11625950
2015-01-19,12978,11357700
2015-01-20,12657,11244650
2015-01-21,12455,11278875
2015-01-22,12468,11449300
2015-01-23,12355,11366900
2015-01-24,12028,11051075
2015-01-25,12119,11155525
2015-01-26,11694,10799175
2015-01-27,12078,11286150
2015-01-28,11853,11074025
2015-01-29,11700,10962525
2015-01-30,11639,10897600
2015-01-31,11699,10912125
2015-02-01,11776,10966925
2015-02-02,11694,10891100
2015-02-03,11665,10893700
2015-02-04,11714,10917900
2015-02-05,11821,11009625
2015-02-06,11964,11099750
2015-02-07,11975,11147900
2015-02-08,11967,11191850
2015-02-09,12219,11423125
2015-02-10,12108,11309800
2015-02-11,11931,11128000
2015-02-12,11883,11070425
2015-02-13,12207,11237925
2015-02-14,11652,10504675
2015-02-15,11061,9855150
2015-02-16,10555,9290350
2015-02-17,10748,9388300
2015-02-18,10761,9285450
2015-02-19,10585,9016925
2015-02-20,10894,9331375
2015-02-21,11284,9801700
2015-02-22,11636,10125025
2015-02-23,11767,10165075
2015-02-24,11257,9559575
2015-02-25,11547,9903025
2015-02-26,11819,10133025
2015-02-27,12009,10308975
2015-02-28,12012,10289600
2015-03-01,12097,10338075
2015-03-02,12236,10448700
2015-03-03,12265,10439850
2015-03-04,12261,10396050
2015-03-05,12247,10378225
2015-03-06,12205,10355075
2015-03-07,12225,10409925
2015-03-08,12282,10457750
2015-03-09,12015,10251750
2015-03-10,12401,10519075
2015-03-11,12611,10685900
2015-03-12,12736,10740175
2015-03-13,12579,10658750
2015-03-14,12500,10690200
2015-03-15,12609,10716375
2015-03-16,12587,10693125
2015-03-17,12834,10919300
2015-03-18,12949,10954975
2015-03-19,13169,11197350
2015-03-20,12839,10911000
2015-03-21,12806,10739725
2015-03-22,12649,10523850
2015-03-23,13253,11107500
2015-03-24,14061,11892800
2015-03-25,13877,11682975
2015-03-26,13748,11506300
2015-03-27,13720,11419700
2015-03-28,13790,11456375
2015-03-29,13656,11326050
2015-03-30,14346,11964400
2015-03-31,14497,12080175
2015-04-01,14568,12250025
2015-04-02,14563,12246875
2015-04-03,14466,12210850
2015-04-04,14433,12145375
2015-04-05,14339,12037675
2015-04-06,14409,12068175
2015-04-07,13970,11682825
2015-04-08,13960,11757850
2015-04-09,13816,11695175
2015-04-10,13598,11550725
2015-04-11,13559,11470400
2015-04-12,13449,11404275
2015-04-13,13462,11433075
2015-04-14,12951,10912725
2015-04-15,12672,10708800
2015-04-16,12164,10231825
2015-04-17,12503,10530275
2015-04-18,12585,10743250
2015-04-19,12513,10733525
2015-04-20,12013,10288050
2015-04-21,11444,9776925
2015-04-22,11501,9888400
2015-04-23,11612,9970000
2015-04-24,11600,9976200
2015-04-25,11570,10000150
2015-04-26,11683,10110225
2015-04-27,11050,9516050
2015-04-28,11447,10007625
2015-04-29,11584,10082800
2015-04-30,11591,10125975
2015-05-01,11777,10285450
2015-05-02,11863,10323375
2015-05-03,11961,10392750
2015-05-04,11927,10409425
2015-05-05,11900,10388525
2015-05-06,11742,10173300
2015-05-07,12531,10864575
2015-05-08,13853,12279875
2015-05-09,14329,12789125
2015-05-10,14357,12780075
2015-05-11,14426,12881350
2015-05-12,14256,12722625
2015-05-13,14077,12535100
2015-05-14,14091,12535550
2015-05-15,13510,11994525
2015-05-16,12897,11309450
2015-05-17,13039,11420000
2015-05-18,13411,11602550
2015-05-19,13405,11451725
2015-05-20,13205,11093200
2015-05-21,13148,11124375
2015-05-22,13458,11354225
2015-05-23,13551,11366225
2015-05-24,13546,11304075
2015-05-25,13522,11264675
2015-05-26,13037,10756700
2015-05-27,12853,10569175
2015-05-28,12845,10543700
2015-05-29,13157,10859675
2015-05-30,13388,11130475
2015-05-31,13491,11269525
2015-06-01,13552,11297075
2015-06-02,13565,11371450
2015-06-03,13637,11362025
2015-06-04,12910,10701650
2015-06-05,11666,9339400
2015-06-06,11165,8864775
2015-06-07,11167,8939350
2015-06-08,11100,8845100
2015-06-09,11458,9172975
2015-06-10,11887,9528975
2015-06-11,12079,9705800
2015-06-12,12175,9774325
2015-06-13,12194,9757775
2015-06-14,11624,9228150
2015-06-15,11022,8747350
2015-06-16,10923,8688700
2015-06-17,11326,9130500
2015-06-18,11526,9227850
2015-06-19,11678,9381850
2015-06-20,11674,9381550
2015-06-21,11853,9622675
2015-06-22,12668,10382325
2015-06-23,13595,11147300
2015-06-24,13981,11470850
2015-06-25,14278,11709875
2015-06-26,14140,11472525
2015-06-27,13991,11258875
2015-06-28,13907,11146200
2015-06-29,14014,11233750
2015-06-30,14049,11250475
2015-07-01,14114,11335525
2015-07-02,14234,11413875
2015-07-03,14196,11420075
2015-07-04,14270,11402025
2015-07-05,14373,11424875
2015-07-06,14633,11617200
2015-07-07,14352,11320850
2015-07-08,14114,11098300
2015-07-09,14046,11017750
2015-07-10,14267,11146725
2015-07-11,14417,11290725
2015-07-12,14456,11344825
2015-07-13,14491,11438450
2015-07-14,14354,11396375
2015-07-15,13738,10818650
2015-07-16,13228,10376375
2015-07-17,13151,10388775
2015-07-18,13528,10793900
2015-07-19,13678,10838425
2015-07-20,13177,10402200
2015-07-21,12424,9790250
2015-07-22,12539,9856625
2015-07-23,13160,10394675
2015-07-24,13223,10430850
2015-07-25,13184,10453100
2015-07-26,13308,10578000
2015-07-27,13284,10554400
2015-07-28,13387,10606250
2015-07-29,13372,10573550
2015-07-30,13339,10558150
2015-07-31,13413,10587875
2015-08-01,13488,10653825
2015-08-02,13451,10610925
2015-08-03,13260,10439475
2015-08-04,13240,10485725
2015-08-05,13129,10450575
2015-08-06,13049,10355125
2015-08-07,12768,10184675
2015-08-08,12621,10091775
2015-08-09,12521,10013750
2015-08-10,12434,9866700
2015-08-11,12354,9760250
2015-08-12,12397,9823450
2015-08-13,12668,10011450
2015-08-14,12240,9585175
2015-08-15,11685,9041350
2015-08-16,11225,8676650
2015-08-17,11366,8867850
2015-08-18,11855,9158250
2015-08-19,11717,9057250
2015-08-20,11069,8468925
2015-08-21,10895,8435850
2015-08-22,11250,8837950
2015-08-23,11361,8905475
2015-08-24,11417,8959750
2015-08-25,12027,9538875
2015-08-26,12195,9734650
2015-08-27,12264,9814250
2015-08-28,12825,10290200
2015-08-29,13049,10444425
2015-08-30,13171,10554725
2015-08-31,13323,10650025
2015-09-01,13395,10674875
2015-09-02,13438,10673325
2015-09-03,13493,10733450
2015-09-04,13594,10787825
2015-09-05,13627,10795650
2015-09-06,13680,10813625
2015-09-07,13633,10783450
2015-09-08,13588,10707450
2015-09-09,14340,11292750
2015-09-10,15319,12254725
2015-09-11,15204,12257650
2015-09-12,15096,12191425
2015-09-13,15025,12144800
2015-09-14,14569,11694225
2015-09-15,13755,11079850
2015-09-16,13234,10667475
2015-09-17,13347,10777200
2015-09-18,13832,11049350
2015-09-19,13634,10740200
2015-09-20,13516,10674600
2015-09-21,13605,10807950
2015-09-22,13267,10625450
2015-09-23,13238,10534250
2015-09-24,13598,10767050
2015-09-25,13291,10504825
2015-09-26,13081,10381650
2015-09-27,12998,10368075
2015-09-28,12946,10341275
2015-09-29,12893,10331075
2015-09-30,12829,10336900
2015-10-01,12821,10322875
2015-10-02,12837,10398025
2015-10-03,12872,10435400
2015-10-04,12968,10515550
2015-10-05,12976,10581500
2015-10-06,13086,10621600
2015-10-07,12389,10053375
2015-10-08,11545,9206275
2015-10-09,11709,9252125
2015-10-10,11839,9354850
2015-10-11,12008,9481200
2015-10-12,11900,9328525
2015-10-13,12153,9452900
2015-10-14,12326,9602675
2015-10-15,12029,9349650
2015-10-16,11395,8859050
2015-10-17,11506,9018425
2015-10-18,11941,9328150
2015-10-19,12070,9362825
2015-10-20,11781,8924650
2015-10-21,11747,9070900
2015-10-22,12202,9581925
2015-10-23,12392,9736575
2015-10-24,12455,9764025
2015-10-25,12523,9748900
2015-10-26,12854,10008925
2015-10-27,13111,10116600
2015-10-28,13488,10368025
2015-10-29,13580,10480800
2015-10-30,13609,10477125
2015-10-31,13705,10517100
2015-11-01,13676,10511725
2015-11-02,13710,10500275
2015-11-03,13632,10492075
2015-11-04,13562,10426350
2015-11-05,13190,10105775
2015-11-06,13072,10009325
2015-11-07,13030,9952175
2015-11-08,12979,9903400
2015-11-09,12982,9911975
2015-11-10,13148,10130450
2015-11-11,13173,10206350
2015-11-12,13078,10117525
2015-11-13,13030,10114825
2015-11-14,12650,9790525
2015-11-15,12011,9288050
2015-11-16,11591,8921250
2015-11-17,12173,9287925
2015-11-18,12676,9571125
2015-11-19,12084,8938675
2015-11-20,11909,8743150
2015-11-21,12239,9150250
2015-11-22,12816,9724325
2015-11-23,13104,9889425
2015-11-24,13938,10518225
2015-11-25,13987,10515125
2015-11-26,14034,10642975
2015-11-27,14063,10586200
2015-11-28,14061,10584375
2015-11-29,14112,10610400
2015-11-30,14159,10655900
2015-12-01,14591,10989800
2015-12-02,15005,11368200
2015-12-03,15218,11628925
2015-12-04,15277,11642400
2015-12-05,15311,11696850
2015-12-06,15277,11720550
2015-12-07,15289,11694675
2015-12-08,15006,11389325
2015-12-09,15683,11761575
2015-12-10,15956,12014800
2015-12-11,16085,12085075
2015-12-12,16138,12041925
2015-12-13,16193,12094500
2015-12-14,16216,12156275
2015-12-15,15591,11790625
2015-12-16,14934,11294875
2015-12-17,15060,11516075
2015-12-18,15611,12101650
2015-12-19,15569,11940625
2015-12-20,15061,11517425
2015-12-21,14711,11410525
2015-12-22,14391,11398950
2015-12-23,14357,11443125
2015-12-24,14564,11463075
2015-12-25,14751,11619125
2015-12-26,14979,11838775
2015-12-27,15084,12025425
2015-12-28,15582,12557175
2015-12-29,15579,12698900
2015-12-30,15412,12563550
2015-12-31,15482,12658350
2016-01-01,15626,12935925
2016-01-02,15593,12964550
2016-01-03,15636,13068625
2016-01-04,15726,13171125
2016-01-05,15697,13239775
2016-01-06,14916,12726050
2016-01-07,14613,12461800
2016-01-08,14463,12364075
2016-01-09,14414,12399500
2016-01-10,14322,12341825
2016-01-11,14245,12285475
2016-01-12,14373,12453750
2016-01-13,14330,12444350
2016-01-14,13772,11956675
2016-01-15,12836,11119400
2016-01-16,12298,10704550
2016-01-17,12664,11012700
2016-01-18,13150,11440425
2016-01-19,12725,11012750
2016-01-20,12461,10800700
2016-01-21,12231,10833350
2016-01-22,12347,11128975
2016-01-23,12248,11064950
2016-01-24,12278,11078975
2016-01-25,11879,10624225
2016-01-26,11525,10250775
2016-01-27,11789,10542525
2016-01-28,11742,10429825
2016-01-29,11604,10282650
2016-01-30,11628,10266600
2016-01-31,11596,10161750
2016-02-01,11475,10054950
2016-02-02,11408,10000525
2016-02-03,11439,9975975
2016-02-04,11453,10044950
2016-02-05,11458,10060550
2016-02-06,11650,10142350
2016-02-07,11748,10160300
2016-02-08,11882,10206050
2016-02-09,11633,9921425
2016-02-10,11584,9866025
2016-02-11,11606,9856850
2016-02-12,11734,9950200
2016-02-13,11815,9987200
2016-02-14,11175,9389200
2016-02-15,10278,8536575
2016-02-16,9841,8179350
2016-02-17,10454,8612300
2016-02-18,10933,8960775
2016-02-19,10826,8700125
2016-02-20,10915,8706900
2016-02-21,11069,8837900
2016-02-22,11399,9206000
2016-02-23,11494,9263425
2016-02-24,11075,8832575
2016-02-25,11373,9200100
2016-02-26,11496,9231225
2016-02-27,11676,9291225
2016-02-28,11839,9414625
2016-02-29,12029,9527750
2016-03-01,12253,9774975
2016-03-02,12382,9932775
2016-03-03,12475,9967600
2016-03-04,12589,10021625
2016-03-05,12635,10013050
2016-03-06,12883,10080525
2016-03-07,13113,10133650
2016-03-08,15116,11960200
2016-03-09,16251,13026175
2016-03-10,16246,12980175
2016-03-11,16120,12881450
2016-03-12,15997,12852675
2016-03-13,15996,12871600
2016-03-14,15920,12805275
2016-03-15,15892,12707675
2016-03-16,15054,12057500
2016-03-17,14836,11790900
2016-03-18,14979,11962925
2016-03-19,14927,11957675
2016-03-20,14751,11752150
2016-03-21,14635,11676075
2016-03-22,14859,11913150
2016-03-23,14887,11939075
2016-03-24,14482,11573050
2016-03-25,14445,11524225
2016-03-26,14884,12002050
2016-03-27,15026,12072125
2016-03-28,15122,12182100
2016-03-29,15034,12015600
2016-03-30,15021,12032650
2016-03-31,15032,12121675
2016-04-01,14972,12103550
2016-04-02,14753,12018400
2016-04-03,14470,11971550
2016-04-04,14163,11896925
2016-04-05,12257,10160825
2016-04-06,11137,9057800
2016-04-07,11142,9105000
2016-04-08,11183,9134950
2016-04-09,11281,9167700
2016-04-10,11563,9457550
2016-04-11,11806,9647400
2016-04-12,12256,10074300
2016-04-13,12601,10415075
2016-04-14,12213,10076225
2016-04-15,11768,9679250
2016-04-16,11421,9424225
2016-04-17,11688,9706450
2016-04-18,12237,10133250
2016-04-19,12300,10068625
2016-04-20,12486,10160150
2016-04-21,12795,10433075
2016-04-22,13352,11004250
2016-04-23,12926,10648775
2016-04-24,12844,10606250
2016-04-25,13475,11248625
2016-04-26,13764,11497775
2016-04-27,13808,11493725
2016-04-28,14424,12051800
2016-04-29,14570,12192325
2016-04-30,14607,12282600
2016-05-01,14715,12385375
2016-05-02,14873,12522925
2016-05-03,14912,12621150
2016-05-04,15065,12796150
2016-05-05,15320,13041750
2016-05-06,15353,13104125
2016-05-07,15340,13149950
2016-05-08,15348,13012850
2016-05-09,15637,13321825
2016-05-10,15433,13160375
2016-05-11,15179,12897200
2016-05-12,15115,12795475
2016-05-13,15095,12743975
2016-05-14,15101,12752025
2016-05-15,14541,12280600
2016-05-16,13595,11472550
2016-05-17,13733,11680775
2016-05-18,14070,12003575
2016-05-19,14112,11932050
2016-05-20,13525,11363275
2016-05-21,13548,11462675
2016-05-22,14012,11920800
2016-05-23,13442,11400175
2016-05-24,13345,11404300
2016-05-25,13793,11858000
2016-05-26,13417,11447325
2016-05-27,13369,11375850
2016-05-28,13339,11301000
2016-05-29,13269,11200650
2016-05-30,13158,11101700
2016-05-31,13092,10957675
2016-06-01,12984,10774250
2016-06-02,12710,10494750
2016-06-03,12700,10457325
2016-06-04,12716,10387975
2016-06-05,12467,10238725
2016-06-06,12047,9813000
2016-06-07,11901,9630925
2016-06-08,11982,9713000
2016-06-09,12040,9797950
2016-06-10,11923,9743325
2016-06-11,11915,9709600
2016-06-12,12007,9685700
2016-06-13,12266,9873925
2016-06-14,11790,9401450
2016-06-15,11122,8844050
2016-06-16,10666,8477175
2016-06-17,10968,8742075
2016-06-18,11419,8901625
2016-06-19,11126,8579550
2016-06-20,11203,8569975
2016-06-21,11088,8421800
2016-06-22,10925,8268675
2016-06-23,10900,8194225
2016-06-24,10919,8241025
2016-06-25,11033,8367400
2016-06-26,11287,8580825
2016-06-27,12076,9349225
2016-06-28,12414,9641700
2016-06-29,12610,9822125
2016-06-30,12832,10040600
2016-07-01,13126,10317925
2016-07-02,13288,10435650
2016-07-03,13383,10541900
2016-07-04,13446,10595650
2016-07-05,13435,10654075
2016-07-06,13381,10599025
2016-07-07,13331,10492550
2016-07-08,13437,10691650
2016-07-09,13440,10681950
2016-07-10,13465,10714550
2016-07-11,13830,10820025
2016-07-12,13878,10828575
2016-07-13,14013,10845850
2016-07-14,13959,10803575
2016-07-15,13566,10394850
2016-07-16,12890,9911600
2016-07-17,13051,10012875
2016-07-18,13519,10387300
2016-07-19,13748,10550025
2016-07-20,13536,10272250
2016-07-21,13523,10408500
2016-07-22,13879,10759675
2016-07-23,13951,10826525
2016-07-24,13881,10787100
2016-07-25,13914,10745100
2016-07-26,13910,10768700
2016-07-27,13833,10752350
2016-07-28,13742,10642775
2016-07-29,13529,10396300
2016-07-30,13588,10426775
2016-07-31,13630,10365375
2016-08-01,13709,10434050
2016-08-02,13800,10413625
2016-08-03,13792,10416375
2016-08-04,13811,10469525
2016-08-05,13891,10429875
2016-08-06,14029,10510075
2016-08-07,13977,10456050
2016-08-08,13305,10008200
2016-08-09,13168,9931400
2016-08-10,13326,10105500
2016-08-11,13400,10156375
2016-08-12,13402,10114100
2016-08-13,13426,10133800
2016-08-14,12942,9731600
2016-08-15,12058,9040100
2016-08-16,11560,8605625
2016-08-17,11805,8774250
2016-08-18,12269,8930200
2016-08-19,12228,8820250
2016-08-20,12195,8739200
2016-08-21,12282,8865450
2016-08-22,11943,8567000
2016-08-23,11761,8441800
2016-08-24,12295,8942675
2016-08-25,12649,9313600
2016-08-26,12785,9503175
2016-08-27,12760,9515350
2016-08-28,12727,9533100
2016-08-29,12749,9514500
2016-08-30,12864,9583250
2016-08-31,13347,9904200
2016-09-01,13749,10183975
2016-09-02,13787,10186525
2016-09-03,13798,10288250
2016-09-04,13813,10309800
2016-09-05,13937,10403025
2016-09-06,14315,10602900
2016-09-07,14266,10444950
2016-09-08,14554,10652000
2016-09-09,14547,10688575
2016-09-10,14475,10631500
2016-09-11,14476,10637725
2016-09-12,14626,10660250
2016-09-13,15297,11100900
2016-09-14,16320,12154000
2016-09-15,16433,12695700
2016-09-16,15950,12229425
2016-09-17,16257,12375150
2016-09-18,16668,12519625
2016-09-19,16699,12445350
2016-09-20,16901,12478275
2016-09-21,16639,12325550
2016-09-22,16647,12240700
2016-09-23,16673,12135950
2016-09-24,16679,12148025
2016-09-25,16617,12138775
2016-09-26,17231,12772900
2016-09-27,17276,12964150
2016-09-28,16917,12752450
2016-09-29,16691,12627850
2016-09-30,16731,12765800
2016-10-01,16791,12798075
2016-10-02,16878,12932050
2016-10-03,17045,13114525
2016-10-04,17054,13106475
2016-10-05,17132,13233950
2016-10-06,16907,13077250
2016-10-07,16837,13023850
2016-10-08,16997,13131850
2016-10-09,16962,13129750
2016-10-10,16998,13196700
2016-10-11,16510,12878200
2016-10-12,15395,11778050
2016-10-13,14522,10694950
2016-10-14,14513,10746625
2016-10-15,13968,10392775
2016-10-16,13297,9978075
2016-10-17,13484,10321750
2016-10-18,13783,10657875
2016-10-19,13729,10540725
2016-10-20,13640,10581075
2016-10-21,13646,10772025
2016-10-22,14052,11046050
2016-10-23,14319,11183575
2016-10-24,13820,10639650
2016-10-25,14337,11112125
2016-10-26,14518,11299525
2016-10-27,14545,11283250
2016-10-28,14409,11056000
2016-10-29,14418,10978900
2016-10-30,14403,10915575
2016-10-31,14277,10789425
2016-11-01,13949,10665400
2016-11-02,13650,10502800
2016-11-03,13545,10426675
2016-11-04,13583,10448200
2016-11-05,13483,10445625
2016-11-06,13490,10471900
2016-11-07,13316,10377225
2016-11-08,13141,10266975
2016-11-09,12970,10162850
2016-11-10,13161,10393600
2016-11-11,13242,10443600
2016-11-12,13369,10501225
2016-11-13,13453,10548025
2016-11-14,12823,9882100
2016-11-15,12113,9275500
2016-11-16,11828,8905675
2016-11-17,12242,9077025
2016-11-18,12855,9399575
2016-11-19,12676,9252600
2016-11-20,13284,9862050
2016-11-21,14091,10676125
2016-11-22,13916,10413575
2016-11-23,13914,10503200
2016-11-24,13914,10543800
2016-11-25,14113,10733075
2016-11-26,14079,10734950
2016-11-27,14254,10808825
2016-11-28,14367,10922825
2016-11-29,14860,11352275
2016-11-30,15378,11801000
2016-12-01,15558,11873775
2016-12-02,15597,11881850
2016-12-03,15739,11895100
2016-12-04,15764,11877450
2016-12-05,15782,11872375
2016-12-06,15898,11944875
2016-12-07,15746,11771025
2016-12-08,15876,11790225
2016-12-09,16015,11879250
2016-12-10,16039,11899875
2016-12-11,16072,11912075
2016-12-12,16089,11873650
2016-12-13,16123,11863100
2016-12-14,16055,11907100
2016-12-15,15301,11345150
2016-12-16,14425,10691425
2016-12-17,14734,10983375
2016-12-18,14848,11044675
2016-12-19,14461,10613850
2016-12-20,14229,10336975
2016-12-21,14709,10739000
2016-12-22,15054,10902000
2016-12-23,15328,11096525
2016-12-24,15731,11429075
2016-12-25,15908,11599850
2016-12-26,16229,11804725
2016-12-27,16315,11745750
2016-12-28,16635,12096900
2016-12-29,17046,12460075
2016-12-30,17413,12809600
2016-12-31,17783,13265950
2017-01-01,17909,13535575
2017-01-02,18119,13806775
2017-01-03,18277,14053275
2017-01-04,18383,14108450
2017-01-05,18142,13911125
2017-01-06,18009,13813000
2017-01-07,17819,13719500
2017-01-08,17776,13680125
2017-01-09,17555,13537250
2017-01-10,17728,13702150
2017-01-11,17682,13583250
2017-01-12,17719,13560950
2017-01-13,17741,13556400
2017-01-14,17438,13292475
2017-01-15,16564,12578750
2017-01-16,16125,12226500
2017-01-17,16493,12712000
2017-01-18,16566,12600125
2017-01-19,16454,12600225
2017-01-20,16193,12367950
2017-01-21,16206,12532950
2017-01-22,16082,12498050
2017-01-23,15747,12267100
2017-01-24,15277,12029900
2017-01-25,14573,11405450
2017-01-26,14122,11184500
2017-01-27,13852,10923075
2017-01-28,13976,10950600
2017-01-29,14049,10915450
2017-01-30,14098,10890050
2017-01-31,14184,10888525
2017-02-01,14124,10934725
2017-02-02,14214,11005000
2017-02-03,14293,11082300
2017-02-04,14471,11201975
2017-02-05,14466,11170250
2017-02-06,14821,11412125
2017-02-07,14750,11317475
2017-02-08,14937,11418575
2017-02-09,14973,11467950
2017-02-10,15058,11480050
2017-02-11,15100,11551350
2017-02-12,15194,11549625
2017-02-13,15157,11458300
2017-02-14,14534,10773900
2017-02-15,13685,10066200
2017-02-16,13218,9752400
2017-02-17,13684,10200600
2017-02-18,13962,10327650
2017-02-19,14271,10564125
2017-02-20,14474,10746975
2017-02-21,14923,11257150
2017-02-22,15021,11327475
2017-02-23,15127,11284625
2017-02-24,15152,11338000
2017-02-25,14709,10867125
2017-02-26,14688,10718375
2017-02-27,14552,10544450
2017-02-28,14377,10382300
2017-03-01,14707,10535025
2017-03-02,14930,10601400
2017-03-03,15159,10687850
2017-03-04,15309,10859850
2017-03-05,15372,10970250
2017-03-06,15328,10883750
2017-03-07,15538,11108025
2017-03-08,17615,13423925
2017-03-09,19362,14731625
2017-03-10,19391,14759575
2017-03-11,18954,14340500
2017-03-12,18860,14183475
2017-03-13,18712,14068150
2017-03-14,18592,14040650
2017-03-15,18592,14021175
2017-03-16,18704,14018725
2017-03-17,18881,14146850
2017-03-18,19089,14212150
2017-03-19,19141,14238150
2017-03-20,19142,14208875
2017-03-21,19168,14145750
2017-03-22,19260,14191900
2017-03-23,19378,14216875
2017-03-24,19420,14340575
2017-03-25,19522,14544825
2017-03-26,19517,14613950
2017-03-27,19699,14809750
2017-03-28,20122,15139475
2017-03-29,19861,15022200
2017-03-30,19631,14929400
2017-03-31,19473,14919700
2017-04-01,19466,14813825
2017-04-02,19400,14732750
2017-04-03,19281,14717175
2017-04-04,19026,14487925
2017-04-05,16809,12143450
2017-04-06,14978,10811975
2017-04-07,14877,10789525
2017-04-08,15295,11158975
2017-04-09,15381,11308150
2017-04-10,15454,11384875
2017-04-11,15581,11366125
2017-04-12,15682,11420975
2017-04-13,15646,11415525
2017-04-14,14874,10703425
2017-04-15,13878,9976400
2017-04-16,13285,9471425
2017-04-17,13352,9447150
2017-04-18,13753,9624450
2017-04-19,13726,9561425
2017-04-20,13608,9540525
2017-04-21,13845,9816725
2017-04-22,14095,9863300
2017-04-23,14132,9876000
2017-04-24,14136,9851975
2017-04-25,13958,9677650
2017-04-26,14067,9787600
2017-04-27,14953,10574525
2017-04-28,15195,10749550
2017-04-29,15133,10757750
2017-04-30,15340,10833675
2017-05-01,16238,11587150
2017-05-02,16588,11773350
2017-05-03,16945,11972625
2017-05-04,17136,12095000
2017-05-05,17230,12148850
2017-05-06,17506,12390025
2017-05-07,17720,12544300
2017-05-08,18035,12663775
2017-05-09,18566,13090850
2017-05-10,18760,13250500
2017-05-11,19157,13561100
2017-05-12,19268,13622450
2017-05-13,19443,13684025
2017-05-14,19573,13744525
2017-05-15,19665,13880600
2017-05-16,18671,13060300
2017-05-17,18782,13191275
2017-05-18,19443,13969675
2017-05-19,19397,13765025
2017-05-20,19100,13606100
2017-05-21,19407,14011850
2017-05-22,20069,14645000
2017-05-23,20256,14830250
2017-05-24,20326,14857950
2017-05-25,19499,14235550
2017-05-26,19788,14535975
2017-05-27,20040,14681850
2017-05-28,19937,14609700
2017-05-29,19180,13944200
2017-05-30,19039,13969625
2017-05-31,18893,13958850
2017-06-01,19372,14377700
2017-06-02,19361,14434625
2017-06-03,18650,13863425
2017-06-04,18162,13570175
2017-06-05,17753,13394600
2017-06-06,17160,12975375
2017-06-07,17013,12853225
2017-06-08,16663,12532675
2017-06-09,16436,12427925
2017-06-10,16298,12299925
2017-06-11,16183,12232400
2017-06-12,15507,11753625
2017-06-13,15895,12238675
2017-06-14,16529,12885175
2017-06-15,15626,11887800
2017-06-16,15182,11520100
2017-06-17,15267,11638575
2017-06-18,15541,11601525
2017-06-19,15217,11145950
2017-06-20,15485,11333125
2017-06-21,15901,11715375
2017-06-22,16215,12000925
2017-06-23,15835,11605250
2017-06-24,15644,11504875
2017-06-25,15584,11485400
2017-06-26,15531,11456775
2017-06-27,15377,11278550
2017-06-28,15186,11177225
2017-06-29,14725,10715875
2017-06-30,14836,10676875
2017-07-01,15683,11325825
2017-07-02,16122,11638375
2017-07-03,16325,11766625
2017-07-04,16340,11849475
2017-07-05,16247,11817475
2017-07-06,16289,11846075
2017-07-07,16554,12053525
2017-07-08,16528,12079350
2017-07-09,16466,12067025
2017-07-10,16563,12076625
2017-07-11,16698,12030775
2017-07-12,15857,11121150
2017-07-13,15899,11210300
2017-07-14,15919,11243625
2017-07-15,15586,10913325
2017-07-16,14702,10334475
2017-07-17,14577,10410825
2017-07-18,14849,10550575
2017-07-19,14879,10327375
2017-07-20,14671,9949275
2017-07-21,14749,10096000
